1,あ,"M13,33c0.88,0.88,2.75,1.82,5.25,1.75c8.62-0.25,20-2.12,29.5-4.25c1.51-0.34,4.62-0.88,6.62-0.5
M31.75,17.62c0.88,1,1.82,3.26,1.38,5.25C29.38,39.62,26.88,61,28,76.5c0.41,5.7,1.88,10.88,3.38,13.62
M47.62,44.12c0.75,1.12,1.16,4.39,0.5,6.12C43.5,62.5,36.88,74,22.75,86c-6.86,5.83-15.88,3.75-16.25-8.38C6.16,66.75,19.88,54.5,38.88,50.88c12.42-2.37,27,1.38,30.5,12.75C73.43,76.81,65.62,90,48.5,94.12"
2,い,"M8.54,29.66c2.01,2.17,2.61,4.68,2.17,7.43C7.62,56.25,9.68,69.1,18.64,78.54c6.12,6.45,6.26,3.14,7.04-5.21
M60,36.51c9.44,8.05,17.79,18.82,18.41,33.83"
3,う,"M15.5,15.5c5.62,2.12,9.62,3,12.88,3c8.27,0,8,1.12-0.38,5.5
M6.5,42.38c2.12,1.12,4.12,2.88,8.5,1.38s12.75-7.12,18.5-7s10.25,5,10.25,18C43.75,70.25,35.5,85,19.38,96"
4,え,"M22,13.25c5.62,2.12,10,3,14.12,3c8.27,0,8,1.12-0.38,5.5
M14,45.12c1.88,1.25,4.5,1.75,7.38,0.62c3.29-1.29,17-7.88,21.25-9.88s8.32,0.04,4.38,4.62C34.75,54.75,19.75,72,7.5,84.88C4.24,88.3,6.92,88.42,9,86.25c13.5-14.12,18.12-20.12,23.62-20.12c7.13,0,3.5,16.75,6.75,22.38s19.12,3.75,26.12,2.12"
5,お,"M7.88,35.12c1.38,1,3.62,2.38,6,2.12S33.5,32.12,35,31.5s4-1.25,5.88-2
M26.5,16.12c2.25,1,3.59,4.39,3.12,7.38c-2.5,16.12-3.37,45.53-2.25,58.38c0.75,8.62-0.64,10.45-7.12,7.12C15.12,86.38,6.5,81,6.5,76.62C6.5,69.12,30.88,53,51.25,53c17.25,0,25,8.25,25,17.25c0,8.25-9.38,18.88-26.75,21
M58,22.12c5.38,2.62,8.88,5.88,10.62,8.25c2.27,3.08,0.38,4.5-1.12,5"
6,か,"M10.5,38.62c1.88,1.62,4.65,2.33,8.62,1c25.5-8.5,29.5-4.13,29.5,7.62c0,9.38-1.24,17.46-4.25,25.25C36.75,92.25,33.5,89.88,28.25,83.38
M34.38,17.5c1,1.38,1.29,4.7,0.5,7.12c-5,15.25-18.02,40.93-19.62,43.88c-3.12,5.75-6.38,11.88-9.38,16.25
M63.25,31.62c7.5,6.88,13.25,15.75,15,24.88"
7,き,"M7.25,30.25c1.88,0.75,4.64,1.06,5.88,0.88c6.75-1,22.25-4.5,26.5-6c2.17-0.76,3.5-1.25,4.88-2.12
M13,48.7c2.01,0.85,4.97,1.2,6.29,0.99c7.23-1.13,23.82-5.09,28.37-6.79c2.32-0.86,3.75-1.41,5.22-2.4
M18.75,14.12c1.5,0.88,3.13,2.94,4,5.12C28.25,33,38.75,48.5,49.12,60c7.64,8.47,9.12,9.38-6,3.88
M10.5,83.25c10.62,9.75,27.25,8.62,38.12,5"
8,く,"M29.5,15c0.5,1.62,0.35,5.44-1,7.38C21.75,32,14.2,41.46,9.88,46.88c-4,5-3.79,7.03-0.88,11c5.5,7.5,12.75,18.75,17.62,27.25c1.48,2.59,2.75,4.75,4.5,8.62"
9,け,"M11.12,19.75c1.25,1.5,2.62,3.75,2.12,6.38c-3,15.88-6.5,29.5-4.88,44.62c2.02,18.84,2.25,4.75,6.75-3.5
M40.12,38.62c2.12,1.38,4.28,1.89,6.88,1.5c8.25-1.25,15.39-2.57,20.62-4C70.38,35.38,72.88,35,74.5,35
M58.12,14.38C60.25,15.75,61,17.73,61,19.5c0,11.62,0.12,20.38,0.12,30.12c0,20.75-0.62,30.88-12.5,42.25"
10,こ,"M11,26.75c1.12,0.88,2.91,2.01,6,1.5c7.62-1.25,14.11-2.56,22.38-2.62c15.5-0.12,5.88,5-5.75,9
M6.25,68.12c2.25,14.5,15.26,17.96,31,16.75c6.5-0.5,11.88-1.25,17.62-2.88"
11,さ,"M5.75,38.9c2.42,1.33,5.38,1.47,8.32,1.06c8.79-1.24,28.67-7.76,34.15-10.43C51.01,28.17,52,27.62,54.5,26
M20.25,13.88c1.5,0.88,3.63,2.94,4.5,5.12C30.25,32.75,40,46.62,51.62,58.5c7.98,8.15,6.38,10-6,3.12
M14,80.5C18.5,92.25,34.88,93,52.38,88"
12,し,"M11.25,17.5c1.25,3.12,0.93,6.74,0.38,10.25c-2.12,13.5-3,26.5-3,39.12c0,27.38,19.88,30.12,45.5,17.25"
13,す,"M6.38,37.12c2.88,2.12,6.94,1.51,12.75,0.25c16.12-3.5,36.14-5.38,46.62-6.5c7-0.75,11.88-0.62,17.75,0.12
M48.5,13.38c2,1.5,2.75,3.25,2.75,5.88c0,10.38,0,35.12,0,40.75c0,14.62-15.62,16.38-15.62,1.75c0-14.25,18-14.12,18,6.38c0,13.25-7.75,21.5-16,28.38"
14,せ,"M6.38,49.93c2.88,2.42,6.86,1.57,12.75,0.53c19-3.34,33-5.72,47.12-7.64c6.99-0.95,11.88-1.21,17.75-0.36
M59.62,17.75c2,1.5,2.75,3.25,2.75,5.88c0,10.38,0,17.88,0,23.5c0,25.62-5.75,23.25-11.88,19
M25.5,26.25c2,1.5,2.75,3.25,2.75,5.88c0,10.38,0,28.38,0,34c0,14.5,6.38,19.55,20.14,19.55c10.24,0,13.74,0.07,22.61-1.68"
15,そ,"M23.5,22c1.88,1.25,4.98,1.05,7.5,0.38c6.5-1.75,13.25-3.75,19.38-5.38c4.63-1.23,7.18,2.06,3.62,5.25C41.88,33.12,22.86,46.65,14,52.5c-6.25,4.12-5.88,5.75,1.38,3.88C32.46,51.96,51.34,47.7,65.5,46c9.38-1.12,9.62,0.12,0.5,1.38c-15.82,2.17-34.38,14.25-34.38,26.5c0,12.88,11.62,20.38,31.5,16.62"
16,た,"M10,35.38c1.38,0.62,3.88,1.51,6.38,1.12c6.5-1,16.25-2.88,24.88-4.75c2.64-0.57,5.38-1.5,7.62-2.38
M30.62,16.88c0.75,1.25,0.87,3.62,0.38,5.25C24.65,43.07,18.25,58.5,12.12,74.5c-1.36,3.56-4.75,11.75-6,14.62
M42,53.25c12.38-2.75,18.25-3.7,23.62-3.12c15.12,1.62-1.12,2.25-4.25,4.88
M39.75,82.25c4.38,7,14.25,8.12,34.5,5.62"
17,ち,"M5.5,32.62c1.38,0.62,3.88,1.51,6.38,1.12c6.5-1,18.25-4.12,26.88-6c2.64-0.57,5.38-1.5,7.62-2.38
M26.62,15.62c0.75,1.25,0.71,3.58,0.38,5.25c-3,15-4.25,22.59-8.38,38.62c-3.25,12.62-5.38,11.12,3.62,4.38c8.29-6.21,19.75-9.5,28.5-9.5c8.62,0,14.58,5.88,14.5,14.5c-0.12,13.5-16.5,20.62-29.88,23.25"
18,つ,"M5.62,44.75c1.88,1.62,4.68,2.09,8.12,0.62c17.88-7.62,30-11.12,44.88-10.88c12.56,0.21,22.98,7.17,22.87,19.17c-0.18,18.77-24.75,28.71-45.01,32.08"
19,て,"M5.88,26.38C7.75,28,10.3,28.35,14,27.75c21.75-3.5,33-5.12,50.12-8.38c12.34-2.34,13-0.88,0.38,1.38c-17.89,3.19-33.78,19.12-33.78,37.62c0,20.5,17.91,30.25,35.16,30.25"
20,と,"M9.38,18.38C11.12,19.12,13,21,13.5,23.75s4.75,25,5.38,28.12
M52,25.5c0.25,1.88,0.04,4.09-2.25,5.75C43.38,35.88,36.53,39.74,27,46.5C14.12,55.62,5.38,64.88,5.38,74c0,10.12,8.5,13.88,26.88,13.88c6.25,0,14.75-0.12,21.62-1.25"
21,な,"M6.5,28.96c1.18,0.58,3.3,1.1,5.47,1.05c5.53-0.13,10.9-0.98,16.52-2.42c4.82-1.23,9.13-3.12,11.38-4.22
M26.61,14c0.63,0.89,0.56,2.52,0.31,3.72c-2.96,14.16-7.95,26.56-14.25,37.87c-2.05,3.69-4.25,7.24-6.55,10.65
M55.88,23.25c6.88,2.5,12.62,5.62,14.75,9.5c4.06,7.41-0.25,3.38-3.5,3.88
M52.5,44.62c-1,1.88-2.14,5.24-1.88,8.25c0.62,7,1.5,13.12,1.5,20.62c0,20-27.88,19.75-27.88,9.38c0-5.62,8.25-8.25,13.88-8.25c8.75,0,21.5,3.25,29.75,11.5"
22,に,"M14.62,22.75c1.25,1.5,1.62,3.75,1.12,6.38c-3,15.88-9,32.5-7.38,47.62c2.02,18.84,4.5,5.75,8.5-3.5
M43.29,30.64c0.96,0.79,2.44,1.58,5.1,1.35c6.98-0.61,15.01-3.3,22.04-3.36c13.19-0.11,1.5,3.75-8.39,7.35
M42.62,68c1.76,12.92,11.92,16.01,24.23,14.93c5.08-0.45,8.9-0.8,14.27-2.06"
23,ぬ,"M12.88,28.5c2,1.38,2.97,3.23,3.38,5.88c1.87,12.18,4.12,23.92,8.54,34.67c1.79,4.36,3.96,8.33,6.84,12.46
M44.62,19.25c0.88,2.12,1.06,3.79,0.62,5.88c-3.12,15-13.14,39.81-18.12,48.62C15.25,94.75,6.5,75,6.5,69.25C6.5,46.62,50.25,25,68.86,39.66C76.52,45.69,78.66,54.24,78,63c-2,26.75-32.88,28.38-32.88,16.88c0-9.38,17.38-7.12,27.12-1.12c3.1,1.91,7.25,5.25,9.5,7.5"
24,ね,"M22.88,14.5c1.62,1.62,2.1,3.21,1.88,5.88c-1.03,11.93-2.06,31.66-2.53,53.12c-0.1,4.62-0.18,9.31-0.22,14
M6.75,37.88c1.62,0.88,3.25,1.38,5.62,0.75c2.14-0.56,7.8-2.31,12.37-4.03c6.26-2.35,6.88-1.47,3.12,3.63C22.3,45.76,14.84,55.61,9.38,65c-5.6,9.62-3.45,8.3,2,3C30.5,49.38,49.88,28.88,65.5,28.88c11.38,0,12.88,11.25,12.88,32.5c0,28.62-30.18,24.88-30.18,16.26c0-9.63,18.73-7.82,28.06-1.88c2.75,1.75,5.88,4.88,7.5,6.75"
25,の,"M42.5,28.62c1,1.5,1.34,4.12,0.88,6.62c-1.75,9.5-6.89,25-10.75,33.12C23,88.62,16.08,83.1,8.25,66.38C-0.88,46.88,31.75,17.5,58.88,26c32.38,10.15,28,54.62-4.75,60.88"
26,は,"M12.12,18c1.25,1.5,2.15,4,1.62,6.62c-3.5,17.62-6.98,36.4-4,54.88c2.5,15.5,1.12,2,5.62-6.25
M37.25,37.89c2.41,1.57,4.85,2.16,7.8,1.71c9.36-1.43,17.46-2.94,23.4-4.57c3.12-0.86,5.96-1.29,7.8-1.29
M57.38,16.5c2.25,2.12,2.88,4.12,2.88,6.5s1.5,38.62,1.5,48c0,22.5-30.62,19.62-30.62,10.5c0-9.75,23.88-5.62,29.5-2.88S72.62,86.88,74,88"
27,ひ,"M5.88,25.12c1.25,0.88,3.75,2.25,6.5,1.38s7.31-2.38,11.38-4.5c6-3.12,8.42-1.01,4.25,4C0.88,58.62,4.25,84.5,26.49,88.88c18.07,3.56,37.63-16.38,35.63-56.51c-0.72-14.5-0.17-14.78,4.12-1.75C70,42,76.5,51.38,82.38,57.12"
28,ふ,"M30.88,15.62C34.5,19,38.38,21,43.62,21.75c9.59,1.37,3.5,3.38-1.88,6.12
M31.88,46.88c1.88,4.62,7.5,9.41,14.25,17.5C56.75,77.12,46.62,94.38,27,86
M4.75,73.38c0.75,4,1.88,8.12,5,10.12c1.16,0.74,0.12-3.38,13.25-9.12
M68.38,61.88c5.12,3.38,10.28,7.49,11.38,8.88c6.75,8.5-0.25,4.62-4.62,7.12"
29,へ,"M6.38,48.75c2.25,1.62,4.67,1.96,7-0.38c3.62-3.62,7.46-6.54,11.25-10.5c5.5-5.75,8.48-4.75,13.12-0.88c12.12,10.12,30.38,25.12,33.38,27.38S83.5,74.75,85,76"
30,ほ,"M11.88,18.75c1.25,1.5,2.15,4,1.62,6.62C10,43,6.52,62.77,9.5,81.25c2.5,15.5,1.12,2,5.62-6.25
M40.45,21.13c1.9,1.28,3.82,1.76,6.14,1.4c7.36-1.17,13.73-2.4,18.41-3.73c2.46-0.7,4.69-1.05,6.13-1.05
M41.2,44.3c2.21,1.44,4.46,1.98,7.16,1.57c8.59-1.31,15.78-2.44,21.23-3.94c2.87-0.79,5.72-1.18,7.41-1.18
M59.88,23c1.38,1.62,1.62,4.12,1.62,6.5s2,35.12,2,44.5c0,17.5-29.88,17.12-29.88,8c0-9.75,21.38-7.88,29.5-2.88c5.33,3.28,12,8.25,13.38,9.38"
31,ま,"M8.45,32.28c2.2,1.15,4.43,1.5,7.14,1.26c11.54-1.04,25.94-3.12,34.66-4.85c2.87-0.57,5.45-0.44,7.13-0.44
M12.45,51.84c2.45,1.61,4.94,1.72,7.94,1.26c9.52-1.46,17.87-3.1,27.03-5.16c3.22-0.72,6.34-1.32,8.21-1.32
M34.43,14c1.52,1.8,1.8,4.57,1.8,7.19c0,2.63,0.46,43.88,0.46,54.25c0,21.3-30.07,19.96-30.07,9.86c0-10.79,25.88-9.93,38.57-3.18c6.12,3.25,11.55,6.38,14.8,9.13"
32,み,"M23.12,26c1.88,1.75,4.06,1.7,6.88,1.25c3.88-0.62,7.62-1.75,11.88-3.12s6.25-0.12,4.5,5.12s-6.66,17.39-12,30.12C20.75,91.88,5.12,88.63,5.12,78c0-14.25,20.48-15.36,33-13.5c18.5,2.75,30,6.62,44.38,14.25
M70,54.75c0.75,2.38,0.49,4.37,0,6.25c-2.12,8.12-7.5,25-22.12,33.75"
33,む,"M9.32,31.65c2.1,1.55,4.24,1.66,6.81,1.21c8.17-1.41,15.33-2.98,23.19-4.96c2.76-0.69,5.44-1.27,7.05-1.27
M26.75,15.5c1.62,1.25,2.31,2.88,2.12,5.25c-0.88,11.12-1.5,20.75-4,34.88C21.26,76.07,5.62,72.62,6.25,63c0.5-7.74,6.25-12.86,12.62-13.5c5-0.5,14.28,1.93,5.88,15c-12.62,19.62-11.42,24.51,5.11,25.54c10.98,0.68,19.26,0.72,28.49-0.92c14.15-2.5,7.4-2.63,7.4-11.13
M68.25,36.25c6.88,3.12,11.71,5.95,14.88,10.12c6.25,8.25-1.38,3.62-4.5,4.5"
34,め,"M16.38,31.75c1.75,1,2.41,3.09,2.5,5.25c0.5,11.62,2.75,23.5,7.25,31.38c1.39,2.44,5.38,8.5,7.25,10.38
M48.5,19.38c1,1.5,1.35,4.12,0.88,6.62c-2.75,14.62-13.62,37.75-20.1,47.24C17,90.38,12.5,86.38,7,73.88C1.62,58.5,33.4,31.7,60.42,38.6c29.08,8.27,23.96,46.02-7.98,50.15"
35,も,"M29.25,14.75c1.88,1.88,1.86,4.52,1.12,8c-3,14.25-5,26.62-7,42.12c-2.55,19.73-0.75,29.88,17,29.86C60.62,94.71,69,81.62,60.38,59
M6.62,34.62c1.12,0.88,2.87,2.21,6,2c11.12-0.75,20-2.12,27.74-3.46c3.88-0.67,5.88-1.17,8.88-1.04
M6.5,53.38c-1.5,4,1,6.75,7.75,6.75c8.75,0,17.62-1,22.88-1.88c2.01-0.33,5.38-1,7.5-1.75"
36,や,"M6.12,49.38c1.88,1.62,5.25,2.5,8.62,0.88C33.25,41.38,50.5,30.88,65.57,31c9.02,0.14,16.01,4.13,15.93,12.29c0,8.33-10.88,16.58-24.5,17.83
M35.25,15.88c5.12,0.88,10.41,4.05,11.5,6.62c2.12,5-1,2.38-2.88,2.62
M18.12,24.38c2.38,1.88,3.28,2.87,3.88,5.25c2.62,10.5,11.12,41.12,14.75,52.5c0.65,2.04,1.88,6.25,2.88,9.38"
37,ゆ,"M10.88,25.38c1.38,1.5,2.02,4.13,1.5,6.25c-2.88,11.75-4,22.25-2.12,35c2.77,18.85,1.12,3.88,3.25-1.5c9-22.75,27.24-34.5,44.38-34.5c16.88,0,21.88,11.38,21.88,20.25c0,27.38-30.88,29.62-43,16.75
M48.25,16.75c2.62,1.75,3.17,3.13,3.5,7.12c0.88,10.5,1.4,18.72,1.62,29.38c0.5,24-6.25,32-12.38,39.25"
38,よ,"M39.62,35.38c7.5-1.28,13.74-2.63,18.5-4.1c2.5-0.77,4.77-1.15,6.25-1.15
M36,13.88c2.25,2.12,2.98,4.13,2.88,6.5c-0.75,17-0.12,34.88,1.39,53.5c1.88,23.07-34.89,20.88-34.89,11.5c0-12,26.25-8,35.98-4.12c8.1,3.23,11.52,4.88,18.52,10.38"
39,ら,"M14.62,15c3.75,3,9.22,4.41,16.5,4.25c11.12-0.25-0.25,2.38-1.25,3.5
M15.12,35.75c-2.14,4.34-2.79,8.67-3.11,13.24c-0.42,5.84-0.31,12.05-2.14,19.13c-3.16,12.27,1.49,4.77,3,3.5c11.88-10,21.7-12.67,32.61-12.49c9.21,0.15,16.85,5.19,16.76,13.88C62.12,86.61,48,94.5,29.75,95.5"
40,り,"M11.38,25.25c1.25,1.5,2.24,4.03,1.62,6.62C10.12,44,6.71,61.52,8.75,74.25c2,12.5,1.75-0.75,5.62-6.25
M42,18.75c2.25,2.12,2.88,4.12,2.88,6.5s0,26.38,0,35.75c0,16.5-5,25.75-12.62,33.12"
41,る,"M14.12,20.38c1.75,1.25,4.62,2.62,8.5,1.5s9.62-2.5,15.62-4.62s7.5-0.12,4.38,4.25s-18.89,24.62-27.75,34c-8.5,9-13.09,11.89,0.75,3.25c15.62-9.75,43-10.88,43,13.38c0,22.5-40.88,24.5-40.88,12.62c0-11.25,18.12-8.75,24.38-0.38"
42,れ,"M24.75,13c1.5,1.38,2.83,3.74,2.5,6.38c-0.5,4-2.75,44.5-2.75,52.88s0.12,16.62,0.12,19.5
M7.25,40.75c2.12,1.38,3.74,1.46,7.5,0c4.5-1.75,6.55-2.66,13-5.5c4.25-1.88,4.4,0.24,2.5,3.5c-5.25,9-10.5,16.75-18.88,27.62c-7.55,9.81-6.93,12.85,3.25,3.12c14-13.38,20.34-19.76,33.88-32.5c6.38-6,19.39-12.09,18.14,0.88C65.62,48.5,64.75,60,64.35,68.62c-1.02,21.71,11.53,18,20.15,8.63"
43,ろ,"M14.62,21.88c1.5,2,4.62,3.62,8.5,2.5s8.12-2.25,14.12-4.38s6.53-0.1,3.38,4.25c-7.88,10.88-18,22.75-27.5,35.25C5.63,69.36,2.44,70.82,16,61.75c17.38-11.62,46.62-14,46.62,8.12c0,15.62-16,22.5-32.12,25.12"
44,わ,"M28.25,14.75c1.5,1.38,2.22,3.73,2,6.38C29.25,33,27.5,65.62,27.5,74s-0.62,16.62-0.62,19.5
M7.25,40.75c2.12,1.38,3.68,1.3,7.5,0c5.88-2,9.8-3.16,16.25-6c4.25-1.88,6.12,0,2.75,4c-6.72,7.96-13,16.5-22.12,27.88c-7.75,9.66-7.54,12.21,3,2.88c21.88-19.38,49.75-35.62,63.5-21c14.36,15.27,1.62,36.62-23.38,42.62"
45,を,"M7.75,27.87c1.62,1.13,3.17,1.64,6.01,1.12C24.62,27,30.5,25.62,38.47,24.27c3.64-0.62,5.65-0.93,8.4-0.75
M29.12,14.38c0.75,1,1.48,3.22,0.38,5.62c-4.62,10.12-10,20.75-17.12,30.25c-9.25,12.33-9.25,11.19,2.12,2.5c9-6.88,23.75-12.12,22.88,19.88
M62.25,39.88c0.62,1.75,0,4-3,5.75S9.63,69.79,14.5,83.88c3.28,9.48,17.93,9.12,29.98,7.75c4.48-0.51,9.15-1.12,12.4-1.75"
46,ん,"M45.38,16.5c0.75,1.75,1.13,5.83-0.38,8.25C38,36,17.78,68.22,11.12,79.12c-9,14.75-7.62,16.25,1.5,1.25c17.86-29.36,32-23.76,32-6.75c0,25,19,26.5,34.25-5"
47,が,"M11.5,38.62c1.88,1.62,4.65,2.33,8.62,1c25.5-8.5,29.5-4.13,29.5,7.62c0,9.38-1.24,17.46-4.25,25.25C37.75,92.25,34.5,89.88,29.25,83.38
M35.38,17.5c1,1.38,1.29,4.7,0.5,7.12c-5,15.25-18.02,40.93-19.62,43.88c-3.12,5.75-6.38,11.88-9.38,16.25
M64.25,31.62c7.5,6.88,13.25,15.75,15,24.88
M67.38,18.25c2.75,1.75,6,5.38,7.75,8.5
M73.75,13.38c3.06,1.57,6.68,4.82,8.62,7.62"
48,ぎ,"M7.25,30.5c1.88,0.75,4.64,1.06,5.88,0.88c6.75-1,22.25-4.5,26.5-6c2.17-0.76,3.5-1.25,4.88-2.12
M13,48.95c2.01,0.85,4.97,1.2,6.29,0.99c7.23-1.13,23.82-5.09,28.37-6.79c2.32-0.86,3.75-1.41,5.22-2.4
M18.75,14.38c1.5,0.88,3.13,2.94,4,5.12c5.5,13.75,16,29.25,26.38,40.75c7.64,8.47,9.12,9.38-6,3.88
M10.5,83.5c10.62,9.75,27.25,8.62,38.12,5
M54.12,19c2.75,1.75,6,5.38,7.75,8.5
M60.5,14.12c3.06,1.57,6.68,4.82,8.62,7.62"
49,ぐ,"M28,15c0.5,2.12,0.75,5-1,7.38c-6.97,9.46-14.29,19.09-18.62,24.5c-4,5-3.79,7.03-0.88,11c5.5,7.5,12.75,18.75,17.62,27.25c1.48,2.59,2.75,4.75,4.5,8.62
M40.88,30c2.75,1.75,6,5.38,7.75,8.5
M47.25,25.12c3.06,1.57,6.68,4.82,8.62,7.62"
50,げ,"M11.62,20.25c1.25,1.5,2.37,3.75,1.88,6.38c-3,15.88-6.5,29.5-4.88,44.62c2.02,18.84,2.25,4.75,6.75-3.5
M40.38,39.12c2.12,1.38,4.28,1.89,6.88,1.5c8.25-1.25,15.39-2.57,20.62-4c2.75-0.75,5.25-1.12,6.88-1.12
M58.38,14.62C60.5,16,61.25,18.23,61.25,20c0,11.62,0.12,20.38,0.12,30.12c0,20.75-0.62,30.88-12.5,42.25
M72.88,13c2.75,1.75,6,5.38,7.75,8.5
M79.25,8.12c3.06,1.57,6.68,4.82,8.62,7.62"
51,ご,"M11,27c1.12,0.88,2.91,2.01,6,1.5c7.62-1.25,14.11-2.56,22.38-2.62c15.5-0.12,5.88,5-5.75,9
M6.25,68.38c2.25,14.5,15.26,17.96,31,16.75c6.5-0.5,11.88-1.25,17.62-2.88
M56.62,16.25c2.75,1.75,6,5.38,7.75,8.5
M63,11.38c3.06,1.57,6.68,4.82,8.62,7.62"
52,ざ,"M6,39.15c2.42,1.33,5.38,1.47,8.32,1.06c8.79-1.24,28.67-8.01,34.15-10.68c2.79-1.36,3.78-1.91,6.28-3.53
M20.5,14.12C22,15,24.13,17.07,25,19.25C30.5,33,40.25,46.88,51.88,58.75c7.98,8.15,6.38,10-6,3.12
M14.25,80.75c4.5,11.75,20.88,12.5,38.38,7.5
M58.88,14.25c2.75,1.75,6,5.38,7.75,8.5
M65.25,9.38c3.06,1.57,6.68,4.82,8.62,7.62"
53,じ,"M11,17.25c1.25,3.12,0.93,6.74,0.38,10.25c-2.12,13.5-3,26.5-3,39.12c0,27.38,19.88,30.12,45.5,17.25
M36.12,27c2.75,1.75,6,5.38,7.75,8.5
M42.5,22.12c3.06,1.57,6.68,4.82,8.62,7.62"
54,ず,"M6.38,37.12c2.88,2.12,6.94,1.51,12.75,0.25c16.12-3.5,36.14-5.38,46.62-6.5c7-0.75,11.88-0.62,17.75,0.12
M48.5,13.38c2,1.5,2.75,3.25,2.75,5.88c0,10.38,0,35.12,0,40.75c0,14.62-15.62,16.38-15.62,1.75c0-14.25,18-14.12,18,6.38c0,13.25-7.75,21.5-16,28.38
M67.88,13c2.75,1.75,6,5.38,7.75,8.5
M74.25,8.12c3.06,1.57,6.68,4.82,8.62,7.62"
55,ぜ,"M6.38,49.93c2.88,2.42,6.86,1.57,12.75,0.53c19-3.34,32.5-5.34,47.12-7.64c6.97-1.1,11.88-1.21,17.75-0.36
M59.62,17.75c2,1.5,2.75,3.25,2.75,5.88c0,10.38,0,17.88,0,23.5c0,25.62-5.75,23.25-11.88,19
M25.5,26.25c2,1.5,2.75,3.25,2.75,5.88c0,10.38,0,28.38,0,34c0,14.5,6.38,19.55,20.14,19.55c10.24,0,13.74,0.07,22.61-1.68
M74.38,17.25c2.75,1.75,6,5.38,7.75,8.5
M80.75,12.38c3.06,1.57,6.68,4.82,8.62,7.62"
56,ぞ,"M23.5,22c1.88,1.25,4.98,1.05,7.5,0.38c6.5-1.75,13.25-3.75,19.38-5.38c4.63-1.23,7.18,2.06,3.62,5.25C41.88,33.12,22.86,46.65,14,52.5c-6.25,4.12-5.88,5.75,1.38,3.88C32.46,51.96,51.34,47.7,65.5,46c9.38-1.12,9.62,0.12,0.5,1.38c-15.82,2.17-34.38,14.25-34.38,26.5c0,12.88,11.62,20.38,31.5,16.62
M66.88,26.75c2.75,1.75,6,5.38,7.75,8.5
M73.25,21.88c3.06,1.57,6.68,4.82,8.62,7.62"
57,だ,"M10,35.38c1.38,0.62,3.88,1.51,6.38,1.12c6.5-1,16.25-2.88,24.88-4.75c2.64-0.57,5.38-1.5,7.62-2.38
M30.62,16.88c0.75,1.25,0.87,3.62,0.38,5.25C24.65,43.07,18.25,58.5,12.12,74.5c-1.36,3.56-4.75,11.75-6,14.62
M42,53.25c12.38-2.75,18.25-3.7,23.62-3.12c15.12,1.62-1.12,2.25-4.25,4.88
M39.75,82.25c4.38,7,14.25,8.12,34.5,5.62
M61.62,22.5c2.75,1.75,6,5.38,7.75,8.5
M68,17.62c3.06,1.57,6.68,4.82,8.62,7.62"
58,ぢ,"M5.25,32.88c1.38,0.62,3.88,1.51,6.38,1.12c6.5-1,18.25-4.12,26.88-6c2.64-0.57,5.38-1.5,7.62-2.38
M26.38,15.88c0.75,1.25,0.71,3.58,0.38,5.25c-3,15-4.25,22.59-8.38,38.62C15.12,72.38,13,70.88,22,64.12c8.29-6.21,19.75-9.5,28.5-9.5c8.62,0,14.58,5.88,14.5,14.5c-0.12,13.5-16.5,20.62-29.88,23.25
M55.38,21.75c2.75,1.75,6,5.38,7.75,8.5
M61.75,16.88c3.06,1.57,6.68,4.82,8.62,7.62"
59,づ,"M5.62,44.75c1.88,1.62,4.68,2.09,8.12,0.62c17.88-7.62,30-11.12,44.88-10.88c12.56,0.21,22.98,7.17,22.87,19.17c-0.18,18.77-24.75,28.71-45.01,32.08
M72.62,18c2.75,1.75,6,5.38,7.75,8.5
M79,13.12c3.06,1.57,6.68,4.82,8.62,7.62"
60,で,"M5.88,26.38C7.75,28,10.3,28.35,14,27.75c21.75-3.5,33-5.12,50.12-8.38c12.34-2.34,13-0.88,0.38,1.38c-17.89,3.19-33.78,19.12-33.78,37.62c0,20.5,17.91,30.25,35.16,30.25
M60.38,41.75c2.75,1.75,6,5.38,7.75,8.5
M66.75,36.88c3.06,1.57,6.68,4.82,8.62,7.62"
61,ど,"M9.38,18.38C11.12,19.12,13,21,13.5,23.75s4.75,25,5.38,28.12
M52,25.5c0.25,1.88,0.04,4.09-2.25,5.75C43.38,35.88,36.54,39.74,27,46.5C14.12,55.62,5.38,64.88,5.38,74c0,10.12,8.5,13.88,26.88,13.88c6.25,0,14.75-0.12,21.62-1.25
M58.12,14.5c2.75,1.75,6,5.38,7.75,8.5
M64.5,9.62c3.06,1.57,6.68,4.82,8.62,7.62"
62,ば,"M12.12,17.75c1.25,1.5,1.9,4.25,1.38,6.88c-3.5,17.62-6.98,36.4-4,54.88c2.5,15.5,1.12,2,5.62-6.25
M37.25,37.89c2.41,1.57,4.85,2.41,7.8,1.96c9.36-1.43,17.21-3.19,23.15-4.82c3.12-0.86,5.96-1.29,7.8-1.29
M57.12,16.5C59.38,18.62,60,20.62,60,23s1.5,38.62,1.5,48c0,22.5-30.62,19.62-30.62,10.5c0-9.75,23.88-5.62,29.5-2.88s12,8.25,13.38,9.38
M72.12,15.25c2.75,1.75,6,5.38,7.75,8.5
M78.5,10.38c3.06,1.57,6.68,4.82,8.62,7.62"
63,び,"M5.88,25.12c1.25,0.88,3.75,2.25,6.5,1.38s7.31-2.38,11.38-4.5c6-3.12,8.42-1.01,4.25,4C0.88,58.62,4.25,84.5,26.49,88.88c18.07,3.56,37.63-16.38,35.63-56.51c-0.72-14.5-0.17-14.78,4.12-1.75C70,42,76.5,51.38,82.38,57.12
M72.38,13.5c2.75,1.75,6,5.38,7.75,8.5
M78.75,8.62c3.06,1.57,6.68,4.82,8.62,7.62"
64,ぶ,"M30.62,15.62c3.62,3.38,7.5,5.38,12.75,6.12c9.59,1.37,3.5,3.38-1.88,6.12
M31.62,46.88c1.88,4.62,7.5,9.41,14.25,17.5c10.62,12.75,0.5,30-19.12,21.62
M5,73.88c0.75,4,1.88,8.12,5,10.12c1.16,0.74,0.12-3.38,13.25-9.12
M68.12,61.88c5.5,3.38,10.28,7.49,11.38,8.88c6.75,8.5-0.25,4.62-4.62,7.12
M62.12,16.25c2.75,1.75,6,5.38,7.75,8.5
M68.5,11.38c3.06,1.57,6.68,4.82,8.62,7.62"
65,べ,"M6.62,48.75c2.25,1.62,5,1.38,7.62-1c3.89-3.52,6.12-5.75,10.62-9.88C30.74,32.5,33.35,33.12,38,37c12.12,10.12,30.38,25.12,33.38,27.38S83.75,74.75,85.25,76
M58.38,26.75c2.75,1.75,6,5.38,7.75,8.5
M64.75,21.88c3.06,1.57,6.68,4.82,8.62,7.62"
66,ぼ,"M11.88,18.75c1.25,1.5,2.15,4,1.62,6.62C10,43,6.52,62.77,9.5,81.25c2.5,15.5,1.12,2,5.62-6.25
M40.45,21.13c1.9,1.28,3.82,1.76,6.14,1.4c7.36-1.17,13.73-2.4,18.41-3.73c2.46-0.7,4.69-1.05,6.13-1.05
M41.2,44.3c2.21,1.44,4.46,1.98,7.16,1.57c8.59-1.31,15.78-2.44,21.23-3.94c2.87-0.79,5.72-1.18,7.41-1.18
M59.88,23c1.38,1.62,1.62,4.12,1.62,6.5s2,35.12,2,44.5c0,17.5-29.88,17.12-29.88,8c0-9.75,21.38-7.88,29.5-2.88c5.33,3.28,12,8.25,13.38,9.38
M74.88,26c2.75,1.75,6,5.38,7.75,8.5
M81.25,21.12c3.06,1.57,6.68,4.82,8.62,7.62"
67,ぱ,"M12.12,18c1.25,1.5,2.15,4,1.62,6.62c-3.5,17.62-6.98,36.4-4,54.88c2.5,15.5,1.12,2,5.62-6.25
M37.25,37.89c2.41,1.57,4.85,2.16,7.8,1.71c9.36-1.43,17.46-2.94,23.4-4.57c3.12-0.86,5.96-1.29,7.8-1.29
M57.38,16.5c2.25,2.12,2.88,4.12,2.88,6.5s1.5,38.62,1.5,48c0,22.5-30.62,19.62-30.62,10.5c0-9.75,23.88-5.62,29.5-2.88S72.62,86.88,74,88
M78.62,24.38c-9.62,0-9.25-14.25,0-14.25C88.38,10.12,88.12,24.38,78.62,24.38"
68,ぴ,"M5.88,25.12c1.25,0.88,3.75,2.25,6.5,1.38s7.31-2.38,11.38-4.5c6-3.12,8.42-1.01,4.25,4C0.88,58.62,4.25,84.5,26.49,88.88c18.07,3.56,37.63-16.38,35.63-56.51c-0.72-14.5-0.17-14.78,4.12-1.75C70,42,76.5,51.38,82.38,57.12
M79.75,22.12c-9.62,0-9.25-14.25,0-14.25C89.5,7.88,89.25,22.12,79.75,22.12"
69,ぷ,"M30.88,15.62C34.5,19,38.38,21,43.62,21.75c9.59,1.37,3.5,3.38-1.88,6.12
M31.88,46.88c1.88,4.62,7.5,9.41,14.25,17.5C56.75,77.12,46.62,94.38,27,86
M5.25,73.88c0.75,4,1.88,8.12,5,10.12c1.16,0.74,0.12-3.38,13.25-9.12
M68.38,61.88c5.5,3.38,10.28,7.49,11.38,8.88c6.75,8.5-0.25,4.62-4.62,7.12
M69.62,26.62c-9.62,0-9.25-14.25,0-14.25C79.38,12.38,79.12,26.62,69.62,26.62"
70,ぺ,"M6.62,48.75c2.25,1.62,4.67,1.96,7-0.38c3.62-3.62,7.46-6.54,11.25-10.5c5.5-5.75,8.48-4.75,13.12-0.88c12.12,10.12,30.38,25.12,33.38,27.38S83.75,74.75,85.25,76
M65.25,36.75c-9.62,0-9.25-14.25,0-14.25C75,22.5,74.75,36.75,65.25,36.75"
71,ぽ,"M11.88,19c1.25,1.5,2.15,4,1.62,6.62c-3.5,17.62-6.98,37.4-4,55.88c2.5,15.5,1.12,2,5.62-6.25
M40.45,21.38c1.9,1.28,3.82,1.76,6.14,1.4c7.36-1.17,13.73-2.4,18.41-3.73c2.46-0.7,4.69-1.05,6.13-1.05
M41.2,44.55c2.21,1.44,4.46,1.98,7.16,1.57c8.59-1.31,15.78-2.44,21.23-3.94C72.46,41.39,75.31,41,77,41
M59.88,23.25c1.38,1.62,1.62,4.12,1.62,6.5s2,35.12,2,44.5c0,17.5-29.88,17.12-29.88,8c0-9.75,21.38-7.88,29.5-2.88c5.33,3.28,12,8.25,13.38,9.38
M82.5,34.5c-9.62,0-9.25-14.25,0-14.25C92.25,20.25,92,34.5,82.5,34.5"
72,きゃ,"M7.25,30.25c1.88,0.75,4.64,1.06,5.88,0.88c6.75-1,22.25-4.5,26.5-6c2.17-0.76,3.5-1.25,4.88-2.12
M13,48.7c2.01,0.85,4.97,1.2,6.29,0.99c7.23-1.13,23.82-5.09,28.37-6.79c2.32-0.86,3.75-1.41,5.22-2.4
M18.75,14.12c1.5,0.88,3.13,2.94,4,5.12C28.25,33,38.75,48.5,49.12,60c7.64,8.47,9.12,9.38-6,3.88
M10.5,83.25c10.62,9.75,27.25,8.62,38.12,5","M6,61.07c1.49,1.29,4.16,1.98,6.84,0.69C27.52,54.73,41.2,46.4,53.16,46.5c7.16,0.11,12.7,3.28,12.63,9.75c0,6.61-8.63,13.15-19.43,14.14
M29.1,34.5c4.07,0.69,8.25,3.21,9.12,5.25c1.69,3.97-0.79,1.88-2.28,2.08
M15.77,40.99c1.88,1.49,2.35,2.77,2.82,4.67c2.08,8.33,8.82,32.37,11.7,41.39c0.51,1.62,1.49,4.96,2.28,7.44"
73,きゅ,"M7.25,30.25c1.88,0.75,4.64,1.06,5.88,0.88c6.75-1,22.25-4.5,26.5-6c2.17-0.76,3.5-1.25,4.88-2.12
M13,48.7c2.01,0.85,4.97,1.2,6.29,0.99c7.23-1.13,23.82-5.09,28.37-6.79c2.32-0.86,3.75-1.41,5.22-2.4
M18.75,14.12c1.5,0.88,3.13,2.94,4,5.12C28.25,33,38.75,48.5,49.12,60c7.64,8.47,9.12,9.38-6,3.88
M10.5,83.25c10.62,9.75,27.25,8.62,38.12,5","M10.07,40.79c1.1,1.2,1.61,3.3,1.2,5c-2.3,9.4-3.2,17.79-1.7,27.99c2.22,15.08,0.9,3.1,2.6-1.2c7.19-18.19,21.79-27.59,35.49-27.59c13.5,0,17.49,9.1,17.49,16.2c0,21.89-24.69,23.69-34.39,13.4
M39.96,33.89c2.1,1.4,2.53,2.5,2.8,5.7c0.7,8.4,1.12,14.97,1.3,23.49c0.4,19.19-5,25.59-9.9,31.39"
74,きょ,"M7.25,30.25c1.88,0.75,4.64,1.06,5.88,0.88c6.75-1,22.25-4.5,26.5-6c2.17-0.76,3.5-1.25,4.88-2.12
M13,48.7c2.01,0.85,4.97,1.2,6.29,0.99c7.23-1.13,23.82-5.09,28.37-6.79c2.32-0.86,3.75-1.41,5.22-2.4
M18.75,14.12c1.5,0.88,3.13,2.94,4,5.12C28.25,33,38.75,48.5,49.12,60c7.64,8.47,9.12,9.38-6,3.88
M10.5,83.25c10.62,9.75,27.25,8.62,38.12,5","M32.8,50.06c5.98-1.02,10.95-2.09,14.74-3.25c1.99-0.61,3.8-0.91,4.98-0.91
M29.91,33c1.79,1.69,2.38,3.28,2.29,5.16c-0.6,13.49-0.1,27.68,1.11,42.47C34.81,98.94,5.5,97.19,5.5,89.75c0-9.53,20.92-6.35,28.68-3.27c6.46,2.56,9.18,3.87,14.76,8.23"
75,しゃ,"M11.25,17.5c1.25,3.12,0.93,6.74,0.38,10.25c-2.12,13.5-3,26.5-3,39.12c0,27.38,19.88,30.12,45.5,17.25","M6,61.07c1.49,1.29,4.16,1.98,6.84,0.69C27.52,54.73,41.2,46.4,53.16,46.5c7.16,0.11,12.7,3.28,12.63,9.75c0,6.61-8.63,13.15-19.43,14.14
M29.1,34.5c4.07,0.69,8.25,3.21,9.12,5.25c1.69,3.97-0.79,1.88-2.28,2.08
M15.77,40.99c1.88,1.49,2.35,2.77,2.82,4.67c2.08,8.33,8.82,32.37,11.7,41.39c0.51,1.62,1.49,4.96,2.28,7.44"
76,しゅ,"M11.25,17.5c1.25,3.12,0.93,6.74,0.38,10.25c-2.12,13.5-3,26.5-3,39.12c0,27.38,19.88,30.12,45.5,17.25","M10.07,40.79c1.1,1.2,1.61,3.3,1.2,5c-2.3,9.4-3.2,17.79-1.7,27.99c2.22,15.08,0.9,3.1,2.6-1.2c7.19-18.19,21.79-27.59,35.49-27.59c13.5,0,17.49,9.1,17.49,16.2c0,21.89-24.69,23.69-34.39,13.4
M39.96,33.89c2.1,1.4,2.53,2.5,2.8,5.7c0.7,8.4,1.12,14.97,1.3,23.49c0.4,19.19-5,25.59-9.9,31.39"
77,しょ,"M11.25,17.5c1.25,3.12,0.93,6.74,0.38,10.25c-2.12,13.5-3,26.5-3,39.12c0,27.38,19.88,30.12,45.5,17.25","M32.8,50.06c5.98-1.02,10.95-2.09,14.74-3.25c1.99-0.61,3.8-0.91,4.98-0.91
M29.91,33c1.79,1.69,2.38,3.28,2.29,5.16c-0.6,13.49-0.1,27.68,1.11,42.47C34.81,98.94,5.5,97.19,5.5,89.75c0-9.53,20.92-6.35,28.68-3.27c6.46,2.56,9.18,3.87,14.76,8.23"
78,ちゃ,"M5.5,32.62c1.38,0.62,3.88,1.51,6.38,1.12c6.5-1,18.25-4.12,26.88-6c2.64-0.57,5.38-1.5,7.62-2.38
M26.62,15.62c0.75,1.25,0.71,3.58,0.38,5.25c-3,15-4.25,22.59-8.38,38.62c-3.25,12.62-5.38,11.12,3.62,4.38c8.29-6.21,19.75-9.5,28.5-9.5c8.62,0,14.58,5.88,14.5,14.5c-0.12,13.5-16.5,20.62-29.88,23.25","M6,61.07c1.49,1.29,4.16,1.98,6.84,0.69C27.52,54.73,41.2,46.4,53.16,46.5c7.16,0.11,12.7,3.28,12.63,9.75c0,6.61-8.63,13.15-19.43,14.14
M29.1,34.5c4.07,0.69,8.25,3.21,9.12,5.25c1.69,3.97-0.79,1.88-2.28,2.08
M15.77,40.99c1.88,1.49,2.35,2.77,2.82,4.67c2.08,8.33,8.82,32.37,11.7,41.39c0.51,1.62,1.49,4.96,2.28,7.44"
79,ちゅ,"M5.5,32.62c1.38,0.62,3.88,1.51,6.38,1.12c6.5-1,18.25-4.12,26.88-6c2.64-0.57,5.38-1.5,7.62-2.38
M26.62,15.62c0.75,1.25,0.71,3.58,0.38,5.25c-3,15-4.25,22.59-8.38,38.62c-3.25,12.62-5.38,11.12,3.62,4.38c8.29-6.21,19.75-9.5,28.5-9.5c8.62,0,14.58,5.88,14.5,14.5c-0.12,13.5-16.5,20.62-29.88,23.25","M10.07,40.79c1.1,1.2,1.61,3.3,1.2,5c-2.3,9.4-3.2,17.79-1.7,27.99c2.22,15.08,0.9,3.1,2.6-1.2c7.19-18.19,21.79-27.59,35.49-27.59c13.5,0,17.49,9.1,17.49,16.2c0,21.89-24.69,23.69-34.39,13.4
M39.96,33.89c2.1,1.4,2.53,2.5,2.8,5.7c0.7,8.4,1.12,14.97,1.3,23.49c0.4,19.19-5,25.59-9.9,31.39"
80,ちょ,"M5.5,32.62c1.38,0.62,3.88,1.51,6.38,1.12c6.5-1,18.25-4.12,26.88-6c2.64-0.57,5.38-1.5,7.62-2.38
M26.62,15.62c0.75,1.25,0.71,3.58,0.38,5.25c-3,15-4.25,22.59-8.38,38.62c-3.25,12.62-5.38,11.12,3.62,4.38c8.29-6.21,19.75-9.5,28.5-9.5c8.62,0,14.58,5.88,14.5,14.5c-0.12,13.5-16.5,20.62-29.88,23.25","M32.8,50.06c5.98-1.02,10.95-2.09,14.74-3.25c1.99-0.61,3.8-0.91,4.98-0.91
M29.91,33c1.79,1.69,2.38,3.28,2.29,5.16c-0.6,13.49-0.1,27.68,1.11,42.47C34.81,98.94,5.5,97.19,5.5,89.75c0-9.53,20.92-6.35,28.68-3.27c6.46,2.56,9.18,3.87,14.76,8.23"
81,にゃ,"M14.62,22.75c1.25,1.5,1.62,3.75,1.12,6.38c-3,15.88-9,32.5-7.38,47.62c2.02,18.84,4.5,5.75,8.5-3.5
M43.29,30.64c0.96,0.79,2.44,1.58,5.1,1.35c6.98-0.61,15.01-3.3,22.04-3.36c13.19-0.11,1.5,3.75-8.39,7.35
M42.62,68c1.76,12.92,11.92,16.01,24.23,14.93c5.08-0.45,8.9-0.8,14.27-2.06","M6,61.07c1.49,1.29,4.16,1.98,6.84,0.69C27.52,54.73,41.2,46.4,53.16,46.5c7.16,0.11,12.7,3.28,12.63,9.75c0,6.61-8.63,13.15-19.43,14.14
M29.1,34.5c4.07,0.69,8.25,3.21,9.12,5.25c1.69,3.97-0.79,1.88-2.28,2.08
M15.77,40.99c1.88,1.49,2.35,2.77,2.82,4.67c2.08,8.33,8.82,32.37,11.7,41.39c0.51,1.62,1.49,4.96,2.28,7.44"
82,にゅ,"M14.62,22.75c1.25,1.5,1.62,3.75,1.12,6.38c-3,15.88-9,32.5-7.38,47.62c2.02,18.84,4.5,5.75,8.5-3.5
M43.29,30.64c0.96,0.79,2.44,1.58,5.1,1.35c6.98-0.61,15.01-3.3,22.04-3.36c13.19-0.11,1.5,3.75-8.39,7.35
M42.62,68c1.76,12.92,11.92,16.01,24.23,14.93c5.08-0.45,8.9-0.8,14.27-2.06","M10.07,40.79c1.1,1.2,1.61,3.3,1.2,5c-2.3,9.4-3.2,17.79-1.7,27.99c2.22,15.08,0.9,3.1,2.6-1.2c7.19-18.19,21.79-27.59,35.49-27.59c13.5,0,17.49,9.1,17.49,16.2c0,21.89-24.69,23.69-34.39,13.4
M39.96,33.89c2.1,1.4,2.53,2.5,2.8,5.7c0.7,8.4,1.12,14.97,1.3,23.49c0.4,19.19-5,25.59-9.9,31.39"
83,にょ,"M14.62,22.75c1.25,1.5,1.62,3.75,1.12,6.38c-3,15.88-9,32.5-7.38,47.62c2.02,18.84,4.5,5.75,8.5-3.5
M43.29,30.64c0.96,0.79,2.44,1.58,5.1,1.35c6.98-0.61,15.01-3.3,22.04-3.36c13.19-0.11,1.5,3.75-8.39,7.35
M42.62,68c1.76,12.92,11.92,16.01,24.23,14.93c5.08-0.45,8.9-0.8,14.27-2.06","M32.8,50.06c5.98-1.02,10.95-2.09,14.74-3.25c1.99-0.61,3.8-0.91,4.98-0.91
M29.91,33c1.79,1.69,2.38,3.28,2.29,5.16c-0.6,13.49-0.1,27.68,1.11,42.47C34.81,98.94,5.5,97.19,5.5,89.75c0-9.53,20.92-6.35,28.68-3.27c6.46,2.56,9.18,3.87,14.76,8.23"
84,ひゃ,"M5.88,25.12c1.25,0.88,3.75,2.25,6.5,1.38s7.31-2.38,11.38-4.5c6-3.12,8.42-1.01,4.25,4C0.88,58.62,4.25,84.5,26.49,88.88c18.07,3.56,37.63-16.38,35.63-56.51c-0.72-14.5-0.17-14.78,4.12-1.75C70,42,76.5,51.38,82.38,57.12","M6,61.07c1.49,1.29,4.16,1.98,6.84,0.69C27.52,54.73,41.2,46.4,53.16,46.5c7.16,0.11,12.7,3.28,12.63,9.75c0,6.61-8.63,13.15-19.43,14.14
M29.1,34.5c4.07,0.69,8.25,3.21,9.12,5.25c1.69,3.97-0.79,1.88-2.28,2.08
M15.77,40.99c1.88,1.49,2.35,2.77,2.82,4.67c2.08,8.33,8.82,32.37,11.7,41.39c0.51,1.62,1.49,4.96,2.28,7.44"
85,ひゅ,"M5.88,25.12c1.25,0.88,3.75,2.25,6.5,1.38s7.31-2.38,11.38-4.5c6-3.12,8.42-1.01,4.25,4C0.88,58.62,4.25,84.5,26.49,88.88c18.07,3.56,37.63-16.38,35.63-56.51c-0.72-14.5-0.17-14.78,4.12-1.75C70,42,76.5,51.38,82.38,57.12","M10.07,40.79c1.1,1.2,1.61,3.3,1.2,5c-2.3,9.4-3.2,17.79-1.7,27.99c2.22,15.08,0.9,3.1,2.6-1.2c7.19-18.19,21.79-27.59,35.49-27.59c13.5,0,17.49,9.1,17.49,16.2c0,21.89-24.69,23.69-34.39,13.4
M39.96,33.89c2.1,1.4,2.53,2.5,2.8,5.7c0.7,8.4,1.12,14.97,1.3,23.49c0.4,19.19-5,25.59-9.9,31.39"
86,ひょ,"M5.88,25.12c1.25,0.88,3.75,2.25,6.5,1.38s7.31-2.38,11.38-4.5c6-3.12,8.42-1.01,4.25,4C0.88,58.62,4.25,84.5,26.49,88.88c18.07,3.56,37.63-16.38,35.63-56.51c-0.72-14.5-0.17-14.78,4.12-1.75C70,42,76.5,51.38,82.38,57.12","M32.8,50.06c5.98-1.02,10.95-2.09,14.74-3.25c1.99-0.61,3.8-0.91,4.98-0.91
M29.91,33c1.79,1.69,2.38,3.28,2.29,5.16c-0.6,13.49-0.1,27.68,1.11,42.47C34.81,98.94,5.5,97.19,5.5,89.75c0-9.53,20.92-6.35,28.68-3.27c6.46,2.56,9.18,3.87,14.76,8.23"
87,みゃ,"M23.12,26c1.88,1.75,4.06,1.7,6.88,1.25c3.88-0.62,7.62-1.75,11.88-3.12s6.25-0.12,4.5,5.12s-6.66,17.39-12,30.12C20.75,91.88,5.12,88.63,5.12,78c0-14.25,20.48-15.36,33-13.5c18.5,2.75,30,6.62,44.38,14.25
M70,54.75c0.75,2.38,0.49,4.37,0,6.25c-2.12,8.12-7.5,25-22.12,33.75","M6,61.07c1.49,1.29,4.16,1.98,6.84,0.69C27.52,54.73,41.2,46.4,53.16,46.5c7.16,0.11,12.7,3.28,12.63,9.75c0,6.61-8.63,13.15-19.43,14.14
M29.1,34.5c4.07,0.69,8.25,3.21,9.12,5.25c1.69,3.97-0.79,1.88-2.28,2.08
M15.77,40.99c1.88,1.49,2.35,2.77,2.82,4.67c2.08,8.33,8.82,32.37,11.7,41.39c0.51,1.62,1.49,4.96,2.28,7.44"
88,みゅ,"M23.12,26c1.88,1.75,4.06,1.7,6.88,1.25c3.88-0.62,7.62-1.75,11.88-3.12s6.25-0.12,4.5,5.12s-6.66,17.39-12,30.12C20.75,91.88,5.12,88.63,5.12,78c0-14.25,20.48-15.36,33-13.5c18.5,2.75,30,6.62,44.38,14.25
M70,54.75c0.75,2.38,0.49,4.37,0,6.25c-2.12,8.12-7.5,25-22.12,33.75","M10.07,40.79c1.1,1.2,1.61,3.3,1.2,5c-2.3,9.4-3.2,17.79-1.7,27.99c2.22,15.08,0.9,3.1,2.6-1.2c7.19-18.19,21.79-27.59,35.49-27.59c13.5,0,17.49,9.1,17.49,16.2c0,21.89-24.69,23.69-34.39,13.4
M39.96,33.89c2.1,1.4,2.53,2.5,2.8,5.7c0.7,8.4,1.12,14.97,1.3,23.49c0.4,19.19-5,25.59-9.9,31.39"
89,みょ,"M23.12,26c1.88,1.75,4.06,1.7,6.88,1.25c3.88-0.62,7.62-1.75,11.88-3.12s6.25-0.12,4.5,5.12s-6.66,17.39-12,30.12C20.75,91.88,5.12,88.63,5.12,78c0-14.25,20.48-15.36,33-13.5c18.5,2.75,30,6.62,44.38,14.25
M70,54.75c0.75,2.38,0.49,4.37,0,6.25c-2.12,8.12-7.5,25-22.12,33.75","M32.8,50.06c5.98-1.02,10.95-2.09,14.74-3.25c1.99-0.61,3.8-0.91,4.98-0.91
M29.91,33c1.79,1.69,2.38,3.28,2.29,5.16c-0.6,13.49-0.1,27.68,1.11,42.47C34.81,98.94,5.5,97.19,5.5,89.75c0-9.53,20.92-6.35,28.68-3.27c6.46,2.56,9.18,3.87,14.76,8.23"
90,りゃ,"M11.38,25.25c1.25,1.5,2.24,4.03,1.62,6.62C10.12,44,6.71,61.52,8.75,74.25c2,12.5,1.75-0.75,5.62-6.25
M42,18.75c2.25,2.12,2.88,4.12,2.88,6.5s0,26.38,0,35.75c0,16.5-5,25.75-12.62,33.12","M6,61.07c1.49,1.29,4.16,1.98,6.84,0.69C27.52,54.73,41.2,46.4,53.16,46.5c7.16,0.11,12.7,3.28,12.63,9.75c0,6.61-8.63,13.15-19.43,14.14
M29.1,34.5c4.07,0.69,8.25,3.21,9.12,5.25c1.69,3.97-0.79,1.88-2.28,2.08
M15.77,40.99c1.88,1.49,2.35,2.77,2.82,4.67c2.08,8.33,8.82,32.37,11.7,41.39c0.51,1.62,1.49,4.96,2.28,7.44"
91,りゅ,"M11.38,25.25c1.25,1.5,2.24,4.03,1.62,6.62C10.12,44,6.71,61.52,8.75,74.25c2,12.5,1.75-0.75,5.62-6.25
M42,18.75c2.25,2.12,2.88,4.12,2.88,6.5s0,26.38,0,35.75c0,16.5-5,25.75-12.62,33.12","M10.07,40.79c1.1,1.2,1.61,3.3,1.2,5c-2.3,9.4-3.2,17.79-1.7,27.99c2.22,15.08,0.9,3.1,2.6-1.2c7.19-18.19,21.79-27.59,35.49-27.59c13.5,0,17.49,9.1,17.49,16.2c0,21.89-24.69,23.69-34.39,13.4
M39.96,33.89c2.1,1.4,2.53,2.5,2.8,5.7c0.7,8.4,1.12,14.97,1.3,23.49c0.4,19.19-5,25.59-9.9,31.39"
92,りょ,"M11.38,25.25c1.25,1.5,2.24,4.03,1.62,6.62C10.12,44,6.71,61.52,8.75,74.25c2,12.5,1.75-0.75,5.62-6.25
M42,18.75c2.25,2.12,2.88,4.12,2.88,6.5s0,26.38,0,35.75c0,16.5-5,25.75-12.62,33.12","M32.8,50.06c5.98-1.02,10.95-2.09,14.74-3.25c1.99-0.61,3.8-0.91,4.98-0.91
M29.91,33c1.79,1.69,2.38,3.28,2.29,5.16c-0.6,13.49-0.1,27.68,1.11,42.47C34.81,98.94,5.5,97.19,5.5,89.75c0-9.53,20.92-6.35,28.68-3.27c6.46,2.56,9.18,3.87,14.76,8.23"
93,ぎゃ,"M7.25,30.5c1.88,0.75,4.64,1.06,5.88,0.88c6.75-1,22.25-4.5,26.5-6c2.17-0.76,3.5-1.25,4.88-2.12
M13,48.95c2.01,0.85,4.97,1.2,6.29,0.99c7.23-1.13,23.82-5.09,28.37-6.79c2.32-0.86,3.75-1.41,5.22-2.4
M18.75,14.38c1.5,0.88,3.13,2.94,4,5.12c5.5,13.75,16,29.25,26.38,40.75c7.64,8.47,9.12,9.38-6,3.88
M10.5,83.5c10.62,9.75,27.25,8.62,38.12,5
M54.12,19c2.75,1.75,6,5.38,7.75,8.5
M60.5,14.12c3.06,1.57,6.68,4.82,8.62,7.62","M6,61.07c1.49,1.29,4.16,1.98,6.84,0.69C27.52,54.73,41.2,46.4,53.16,46.5c7.16,0.11,12.7,3.28,12.63,9.75c0,6.61-8.63,13.15-19.43,14.14
M29.1,34.5c4.07,0.69,8.25,3.21,9.12,5.25c1.69,3.97-0.79,1.88-2.28,2.08
M15.77,40.99c1.88,1.49,2.35,2.77,2.82,4.67c2.08,8.33,8.82,32.37,11.7,41.39c0.51,1.62,1.49,4.96,2.28,7.44"
94,ぎゅ,"M7.25,30.5c1.88,0.75,4.64,1.06,5.88,0.88c6.75-1,22.25-4.5,26.5-6c2.17-0.76,3.5-1.25,4.88-2.12
M13,48.95c2.01,0.85,4.97,1.2,6.29,0.99c7.23-1.13,23.82-5.09,28.37-6.79c2.32-0.86,3.75-1.41,5.22-2.4
M18.75,14.38c1.5,0.88,3.13,2.94,4,5.12c5.5,13.75,16,29.25,26.38,40.75c7.64,8.47,9.12,9.38-6,3.88
M10.5,83.5c10.62,9.75,27.25,8.62,38.12,5
M54.12,19c2.75,1.75,6,5.38,7.75,8.5
M60.5,14.12c3.06,1.57,6.68,4.82,8.62,7.62","M10.07,40.79c1.1,1.2,1.61,3.3,1.2,5c-2.3,9.4-3.2,17.79-1.7,27.99c2.22,15.08,0.9,3.1,2.6-1.2c7.19-18.19,21.79-27.59,35.49-27.59c13.5,0,17.49,9.1,17.49,16.2c0,21.89-24.69,23.69-34.39,13.4
M39.96,33.89c2.1,1.4,2.53,2.5,2.8,5.7c0.7,8.4,1.12,14.97,1.3,23.49c0.4,19.19-5,25.59-9.9,31.39"
95,ぎょ,"M7.25,30.5c1.88,0.75,4.64,1.06,5.88,0.88c6.75-1,22.25-4.5,26.5-6c2.17-0.76,3.5-1.25,4.88-2.12
M13,48.95c2.01,0.85,4.97,1.2,6.29,0.99c7.23-1.13,23.82-5.09,28.37-6.79c2.32-0.86,3.75-1.41,5.22-2.4
M18.75,14.38c1.5,0.88,3.13,2.94,4,5.12c5.5,13.75,16,29.25,26.38,40.75c7.64,8.47,9.12,9.38-6,3.88
M10.5,83.5c10.62,9.75,27.25,8.62,38.12,5
M54.12,19c2.75,1.75,6,5.38,7.75,8.5
M60.5,14.12c3.06,1.57,6.68,4.82,8.62,7.62","M32.8,50.06c5.98-1.02,10.95-2.09,14.74-3.25c1.99-0.61,3.8-0.91,4.98-0.91
M29.91,33c1.79,1.69,2.38,3.28,2.29,5.16c-0.6,13.49-0.1,27.68,1.11,42.47C34.81,98.94,5.5,97.19,5.5,89.75c0-9.53,20.92-6.35,28.68-3.27c6.46,2.56,9.18,3.87,14.76,8.23"
96,じゃ,"M11,17.25c1.25,3.12,0.93,6.74,0.38,10.25c-2.12,13.5-3,26.5-3,39.12c0,27.38,19.88,30.12,45.5,17.25
M36.12,27c2.75,1.75,6,5.38,7.75,8.5
M42.5,22.12c3.06,1.57,6.68,4.82,8.62,7.62","M6,61.07c1.49,1.29,4.16,1.98,6.84,0.69C27.52,54.73,41.2,46.4,53.16,46.5c7.16,0.11,12.7,3.28,12.63,9.75c0,6.61-8.63,13.15-19.43,14.14
M29.1,34.5c4.07,0.69,8.25,3.21,9.12,5.25c1.69,3.97-0.79,1.88-2.28,2.08
M15.77,40.99c1.88,1.49,2.35,2.77,2.82,4.67c2.08,8.33,8.82,32.37,11.7,41.39c0.51,1.62,1.49,4.96,2.28,7.44"
97,じゅ,"M11,17.25c1.25,3.12,0.93,6.74,0.38,10.25c-2.12,13.5-3,26.5-3,39.12c0,27.38,19.88,30.12,45.5,17.25
M36.12,27c2.75,1.75,6,5.38,7.75,8.5
M42.5,22.12c3.06,1.57,6.68,4.82,8.62,7.62","M10.07,40.79c1.1,1.2,1.61,3.3,1.2,5c-2.3,9.4-3.2,17.79-1.7,27.99c2.22,15.08,0.9,3.1,2.6-1.2c7.19-18.19,21.79-27.59,35.49-27.59c13.5,0,17.49,9.1,17.49,16.2c0,21.89-24.69,23.69-34.39,13.4
M39.96,33.89c2.1,1.4,2.53,2.5,2.8,5.7c0.7,8.4,1.12,14.97,1.3,23.49c0.4,19.19-5,25.59-9.9,31.39"
98,じょ,"M11,17.25c1.25,3.12,0.93,6.74,0.38,10.25c-2.12,13.5-3,26.5-3,39.12c0,27.38,19.88,30.12,45.5,17.25
M36.12,27c2.75,1.75,6,5.38,7.75,8.5
M42.5,22.12c3.06,1.57,6.68,4.82,8.62,7.62","M32.8,50.06c5.98-1.02,10.95-2.09,14.74-3.25c1.99-0.61,3.8-0.91,4.98-0.91
M29.91,33c1.79,1.69,2.38,3.28,2.29,5.16c-0.6,13.49-0.1,27.68,1.11,42.47C34.81,98.94,5.5,97.19,5.5,89.75c0-9.53,20.92-6.35,28.68-3.27c6.46,2.56,9.18,3.87,14.76,8.23"
99,びゃ,"M5.88,25.12c1.25,0.88,3.75,2.25,6.5,1.38s7.31-2.38,11.38-4.5c6-3.12,8.42-1.01,4.25,4C0.88,58.62,4.25,84.5,26.49,88.88c18.07,3.56,37.63-16.38,35.63-56.51c-0.72-14.5-0.17-14.78,4.12-1.75C70,42,76.5,51.38,82.38,57.12
M72.38,13.5c2.75,1.75,6,5.38,7.75,8.5
M78.75,8.62c3.06,1.57,6.68,4.82,8.62,7.62","M6,61.07c1.49,1.29,4.16,1.98,6.84,0.69C27.52,54.73,41.2,46.4,53.16,46.5c7.16,0.11,12.7,3.28,12.63,9.75c0,6.61-8.63,13.15-19.43,14.14
M29.1,34.5c4.07,0.69,8.25,3.21,9.12,5.25c1.69,3.97-0.79,1.88-2.28,2.08
M15.77,40.99c1.88,1.49,2.35,2.77,2.82,4.67c2.08,8.33,8.82,32.37,11.7,41.39c0.51,1.62,1.49,4.96,2.28,7.44"
100,びゅ,"M5.88,25.12c1.25,0.88,3.75,2.25,6.5,1.38s7.31-2.38,11.38-4.5c6-3.12,8.42-1.01,4.25,4C0.88,58.62,4.25,84.5,26.49,88.88c18.07,3.56,37.63-16.38,35.63-56.51c-0.72-14.5-0.17-14.78,4.12-1.75C70,42,76.5,51.38,82.38,57.12
M72.38,13.5c2.75,1.75,6,5.38,7.75,8.5
M78.75,8.62c3.06,1.57,6.68,4.82,8.62,7.62","M10.07,40.79c1.1,1.2,1.61,3.3,1.2,5c-2.3,9.4-3.2,17.79-1.7,27.99c2.22,15.08,0.9,3.1,2.6-1.2c7.19-18.19,21.79-27.59,35.49-27.59c13.5,0,17.49,9.1,17.49,16.2c0,21.89-24.69,23.69-34.39,13.4
M39.96,33.89c2.1,1.4,2.53,2.5,2.8,5.7c0.7,8.4,1.12,14.97,1.3,23.49c0.4,19.19-5,25.59-9.9,31.39"
101,びょ,"M5.88,25.12c1.25,0.88,3.75,2.25,6.5,1.38s7.31-2.38,11.38-4.5c6-3.12,8.42-1.01,4.25,4C0.88,58.62,4.25,84.5,26.49,88.88c18.07,3.56,37.63-16.38,35.63-56.51c-0.72-14.5-0.17-14.78,4.12-1.75C70,42,76.5,51.38,82.38,57.12
M72.38,13.5c2.75,1.75,6,5.38,7.75,8.5
M78.75,8.62c3.06,1.57,6.68,4.82,8.62,7.62","M32.8,50.06c5.98-1.02,10.95-2.09,14.74-3.25c1.99-0.61,3.8-0.91,4.98-0.91
M29.91,33c1.79,1.69,2.38,3.28,2.29,5.16c-0.6,13.49-0.1,27.68,1.11,42.47C34.81,98.94,5.5,97.19,5.5,89.75c0-9.53,20.92-6.35,28.68-3.27c6.46,2.56,9.18,3.87,14.76,8.23"
102,ぴゃ,"M5.88,25.12c1.25,0.88,3.75,2.25,6.5,1.38s7.31-2.38,11.38-4.5c6-3.12,8.42-1.01,4.25,4C0.88,58.62,4.25,84.5,26.49,88.88c18.07,3.56,37.63-16.38,35.63-56.51c-0.72-14.5-0.17-14.78,4.12-1.75C70,42,76.5,51.38,82.38,57.12
M79.75,22.12c-9.62,0-9.25-14.25,0-14.25C89.5,7.88,89.25,22.12,79.75,22.12","M6,61.07c1.49,1.29,4.16,1.98,6.84,0.69C27.52,54.73,41.2,46.4,53.16,46.5c7.16,0.11,12.7,3.28,12.63,9.75c0,6.61-8.63,13.15-19.43,14.14
M29.1,34.5c4.07,0.69,8.25,3.21,9.12,5.25c1.69,3.97-0.79,1.88-2.28,2.08
M15.77,40.99c1.88,1.49,2.35,2.77,2.82,4.67c2.08,8.33,8.82,32.37,11.7,41.39c0.51,1.62,1.49,4.96,2.28,7.44"
103,ぴゅ,"M5.88,25.12c1.25,0.88,3.75,2.25,6.5,1.38s7.31-2.38,11.38-4.5c6-3.12,8.42-1.01,4.25,4C0.88,58.62,4.25,84.5,26.49,88.88c18.07,3.56,37.63-16.38,35.63-56.51c-0.72-14.5-0.17-14.78,4.12-1.75C70,42,76.5,51.38,82.38,57.12
M79.75,22.12c-9.62,0-9.25-14.25,0-14.25C89.5,7.88,89.25,22.12,79.75,22.12","M10.07,40.79c1.1,1.2,1.61,3.3,1.2,5c-2.3,9.4-3.2,17.79-1.7,27.99c2.22,15.08,0.9,3.1,2.6-1.2c7.19-18.19,21.79-27.59,35.49-27.59c13.5,0,17.49,9.1,17.49,16.2c0,21.89-24.69,23.69-34.39,13.4
M39.96,33.89c2.1,1.4,2.53,2.5,2.8,5.7c0.7,8.4,1.12,14.97,1.3,23.49c0.4,19.19-5,25.59-9.9,31.39"
104,ぴょ,"M5.88,25.12c1.25,0.88,3.75,2.25,6.5,1.38s7.31-2.38,11.38-4.5c6-3.12,8.42-1.01,4.25,4C0.88,58.62,4.25,84.5,26.49,88.88c18.07,3.56,37.63-16.38,35.63-56.51c-0.72-14.5-0.17-14.78,4.12-1.75C70,42,76.5,51.38,82.38,57.12
M79.75,22.12c-9.62,0-9.25-14.25,0-14.25C89.5,7.88,89.25,22.12,79.75,22.12","M32.8,50.06c5.98-1.02,10.95-2.09,14.74-3.25c1.99-0.61,3.8-0.91,4.98-0.91
M29.91,33c1.79,1.69,2.38,3.28,2.29,5.16c-0.6,13.49-0.1,27.68,1.11,42.47C34.81,98.94,5.5,97.19,5.5,89.75c0-9.53,20.92-6.35,28.68-3.27c6.46,2.56,9.18,3.87,14.76,8.23"
105,っ,"M5.88,61.15c1.49,1.29,3.72,1.67,6.46,0.5C26.55,55.58,36.19,52.8,48.02,53c9.99,0.17,18.28,5.7,18.18,15.24c-0.15,14.93-18.46,23.39-35.79,25.51"
106,ア,"M5.84,26.25c2.41,1.56,3.98,1.44,8.51,0.75c11.4-1.75,37.77-5.5,48.28-6.78c5.23-0.64,7.99,2.06,2.62,6.04c-6.75,5-13.12,9.5-23.25,16
M35.46,41.12c0.79,1.5,1.02,3.24,0.58,5.28C32,64.88,26.12,78.25,16.12,91.88"
107,イ,"M55.25,16.75c0.12,1.75-0.34,3.86-1.62,5.5C43.5,35.12,29.88,51.88,8,65.12
M41.88,43.88c1,1.12,1.25,3,1.25,4.62s0,32.75,0,34.62S43,92.25,43,94.88"
108,ウ,"M37.75,14.62c1,1.12,1.25,3,1.25,4.62S39,30,39,31.88
M11,31.25c1,1.12,1.22,3,1.25,4.62c0.09,4.45,0.29,10.95,0.45,16.37c0.07,2.5,0.14,4.77,0.18,6.5
M13.62,35.88c19.38-2.25,40.25-4.25,49-5.5s8.28,0.84,6.25,6.88c-5,14.88-20.12,43.5-41,56.62"
109,エ,"M19.96,35.68c2.32,0.71,5.14,0.66,7.48,0.29c8.57-1.35,22.4-2.85,33.66-3.85c2.26-0.2,4.52-0.19,6.77,0.22
M41.43,38.13c1,1.12,1.31,3,1.25,4.62C42.5,47.49,42.17,55.64,41.85,65c-0.08,2.31-0.16,4.7-0.23,7.12
M7.09,75.46c3.41,0.94,7.57,0.88,11.01,0.39c17.78-2.48,34.53-3.86,50.55-3.9c3.34-0.01,7.23,0.42,10.46,1.8"
110,オ,"M6.09,37.85c3.91,1.78,7.55,1.55,11.01,1.02c18.03-2.75,34.4-4.5,50.55-5.41c3.34-0.19,6.35,0.17,10.46,1.38
M46.97,16.38c1.32,1.49,1.65,3.97,1.65,6.12c0,8-0.25,46.23-0.25,58.63c0,20.38-5.88,7.5-9.25,5.5
M46.88,36.38c0,1.62-1.64,3.61-3.62,6c-7.88,9.5-21.12,22.75-34.62,33"
111,カ,"M8.5,40.62c1.88,1.25,4.51,1.87,7.12,1.5c17.88-2.5,32.78-4.51,42.5-5.88c7.12-1,10.59,0.24,8.62,7.88c-2.12,8.25-4.47,17.81-9.25,29.12C47,98.12,43.38,87.75,38.25,85.12
M38.88,17.12c0.88,1.62,1.29,3.83,0.75,6.75C35.38,46.75,23.75,69.12,9.38,82.75"
112,キ,"M13.75,40.5c1.75,0.62,4.77,1.09,7.25,0.38C32.75,37.5,51.62,32.75,58.5,31c2.62-0.67,6.75-1.12,9-1
M6.25,65.8c2.28,0.84,6.24,1.18,9.46,0.17c17.79-5.59,32.67-9.09,49.17-12.99c3.43-0.81,8.81-1.52,11.74-1.35
M35.62,16.75c2.5,1.75,3.43,3.24,3.88,6.12c2.12,13.62,6.38,45.38,8.25,59.25c0.4,3,1,8.38,1.38,11.12"
113,ク,"M28.75,19.62c0.38,1.5,0.34,3.48-0.5,5.12c-4.12,8.12-7.88,15.5-16.12,24.12
M30,28.62c2.62,0.25,5.67-0.39,7.62-0.88c6-1.5,9.75-2.38,15.12-3.88c5.79-1.62,7.53-0.42,5.12,4.88C47.5,51.62,31.62,72.88,9.25,89.25"
114,ケ,"M27.46,17.88c0.44,1.9,0.39,4.42-0.59,6.5C22.05,34.69,17.66,44.05,8,55
M24.38,37.62c2.12,0.88,4.15,1.04,6.62,0.5c12.62-2.75,25.5-4.88,35.75-6.5c3.61-0.57,6.25-0.75,9.25-0.5
M50.96,38.88c0.44,1.9,0.5,4.27-0.08,6.5c-3.63,13.75-9.25,31.25-24.63,43.87"
115,コ,"M8.88,35c1.75,1,3.01,2.18,6.5,1.62c14.25-2.25,29.62-4.25,37.38-5.5c9.37-1.51,9.88,0.25,8,7.5c-2.77,10.71-5.25,22.12-7,34.88
M6.25,77.38c2.62,1.12,4.38,1.51,8.25,1c11.38-1.5,22.62-3,33.75-3.38c4-0.13,5.88,0,9.62,0.5"
116,サ,"M6.25,44.34c2.84,1.27,4.77,1.91,8.93,1.13c17.2-3.22,40.45-5.35,58.53-5.34c4.33,0,6.92,0.37,10.42,0.82
M26.38,23.38c1.12,1.38,1.19,2.5,1.25,4.75c0.25,9,0.38,20.25,0.75,28.88c0.14,3.25,0.38,7.12,0.38,9.25
M59.38,16.62c1.5,2,1.62,2.87,1.62,6.25c0,8.25-0.16,9-0.16,15.88c0,23.25-9.34,42.5-23.21,53"
117,シ,"M19.62,19.75c5.14,1.57,9.79,6.01,11.5,8.62
M5.75,42.62C9,43.5,16,48.12,18,50.75
M12.75,85c3.75,0.88,7.12,0.49,10.38-1.38C41,73.38,55.5,59.75,69.25,40.75"
118,ス,"M15.75,29.38c1.75,1.5,4.15,1.98,6.62,1.38c13.25-3.25,24.25-5.62,31.25-7.38s8.64,1.16,6.5,5.75C48.88,53.25,31.75,75,6.62,86.38
M46.62,57.25c11,7.38,21,17,28,28.62"
119,セ,"M6.12,49.38c3.12,1.5,5.04,2.18,8.62,1.38c23.5-5.25,31.24-7.43,50.62-11.62c23.12-5,6.5,7.75-3.25,18.12
M31.5,19.5c2,2.25,2.15,3.5,2.12,6.62c-0.12,17.5-0.88,31.75-0.88,41.12c0,14,3.13,16.99,12.38,17.12c8.38,0.12,14.12,0.12,18,0.12s7.5-0.5,10.5-1.12"
120,ソ,"M5.5,25.5c3.92,4.1,7.71,9.93,10.75,17.88
M65.5,21c1.25,2.5,1.3,4.44,0.12,8.5C59.75,49.88,39.38,79,20,90.75"
121,タ,"M29.83,19.75c0.43,1.72,0.39,4-0.58,5.89c-4.77,9.34-9.1,17.82-18.63,27.73
M30.75,30.38c2.75,0.5,5,0,7.62-0.62c6.02-1.43,10.5-2.62,15.88-4.12c5.79-1.62,8.22,0.31,5.88,5.62C49.25,55.88,38,75.25,10,91.25
M24.38,45.62c6.75,3.5,10.62,7.88,14.75,15.25"
122,チ,"M58.38,15.25c-0.38,2.62-2.01,4.37-3.88,5.38c-7.88,4.25-18.62,9.75-35.5,13.25
M7.12,51.5c2.88,0.88,4.39,1.65,7.88,1.25c22-2.5,36.38-4.25,56.12-4.88C76,47.72,79,48.38,82,49.38
M43.5,30.75c0.88,0.75,1.75,2.49,1.75,4.75c0,6.03,0.03,11.25,0.03,18.27c0,14.98-5.03,29.48-16.53,39.23"
123,ツ,"M6.88,31.38c2.38,3,4.5,9.38,4.88,13.88
M31,23.75c3.38,3.5,6.62,9.5,7,14.88
M70,27.88c0.75,2.25,0.39,5.26-0.75,8C61.62,54.25,48,77,23.25,88.38"
124,テ,"M22.5,21.5c2.12,1.25,4.38,1.59,7.25,1.25c10.62-1.25,16.88-2.25,24.62-3.25C58.1,19.02,60,19,62.5,19.25
M6,44.12c2.88,1,5.26,1.05,7.5,0.75c22.38-3,37-5.62,54.13-6.12c5.62-0.16,7.75,0,10.38,0.62
M44,43.25c0.88,1,1.32,2.63,1.12,4.38C43.38,63,33.5,82.62,20.5,89.5"
125,ト,"M9.38,16.38c1.25,1.12,2.12,3.25,2.12,5.5c0,26.12,0,53.5,0,57.62s0,10.5,0,13.38
M14.62,43.12c11.75,4.12,18.25,10.62,24.5,18.75"
126,ナ,"M6.12,44.12c2.62,1,4.77,1.17,9.12,0.5c19.38-3,37.75-4.75,52.38-5.62c3.75-0.22,8.88-0.25,11.88,0.12
M40.88,14.5c1.75,1.25,2.75,3,2.75,6s0.12,21.5,0.12,24.25c0,20-6,37.62-18.38,49.12"
127,ニ,"M19.75,34.69c2.5,1.19,4.33,1.6,7.45,1.35c11.55-0.91,18.3-2.41,27.04-3.18c2.64-0.23,6.27-0.16,8.39,0.08
M7.12,74.88c2.62,1,4.78,1.45,9.12,0.75c20.25-3.25,36.5-3.88,52.38-3.88c3.75,0,8,1,11.12,2.38"
128,ヌ,"M15.38,27.62c2.75,1.25,5.38,1.16,8.5,0.62c10.12-1.75,19-3.12,28.62-5c6.67-1.3,7.75-0.12,5.38,5.62C51.18,45.08,37.25,69.38,9,86.75
M26.88,46.38c12,6.75,22.38,15.38,30.62,28.12"
129,ネ,"M35.88,12.38c3.38,2.12,8,5.88,11,10.88
M11.38,36.16c2.62,1.46,5.45,1.93,8.5,1.19c10.75-2.6,20.75-4.98,30.88-7.5c6.53-1.62,7.81,1.27,4.62,4.68C43.75,47,32.62,57.88,6.5,72.5
M38.88,54.12c1.38,1.75,1.62,3.5,1.62,6s0,27.5,0,29.38s0,4,0,6.88
M49.88,53.62c12.5,6,19.88,11.75,24.88,18.88"
130,ノ,"M50.75,25.25c0.75,2,0.92,4.89,0.25,7.25c-7.12,25-25.38,44.75-43.62,56.88"
131,ハ,"M28.95,36.88c0.38,1.14,0.46,2.88-0.12,4.14C22.5,54.75,15.5,64.88,6.62,73.25
M55.12,36.38c13,9.12,23.12,22.62,28,33.38"
132,ヒ,"M13.5,44.5c1.75,1.38,4.51,2.19,6.88,1.88C30.62,45,37.62,43.5,44.62,42.12c3.01-0.59,7.12-1,9.38-0.88
M9.12,17.62C10.5,18.88,11,21,11,23.75s-0.88,44-0.88,47.25c0,9.75,4,14.62,13.75,14.62c6,0,16.38,0.12,21.38,0s9.5-0.62,13.5-1.5"
133,フ,"M6,30c1.88,1.88,3.5,2.04,6.5,1.62c14.5-2,29-4.38,43.75-6.88c6.82-1.16,10.58,2.29,6.88,9.12C52.75,53,41.88,73.38,13.12,87.5"
134,ヘ,"M6.12,49.02c2.78,1.55,5.39,0.64,6.95-0.9c4.05-4.01,9.47-8.3,12-10.88c3.16-3.23,7.32-5.26,12.01-1.16c11.25,9.82,25.03,21.45,35.78,30.36c4.28,3.55,7.71,6.85,11.25,9.56"
135,ホ,"M8.5,40.38c2.62,1,4.75,1.71,9.12,1.25c17.75-1.88,29.25-2.75,45.38-3.88c3.74-0.26,7.38-0.12,11.12,0.62
M39.62,17.12C41,19,41,21.62,41,24.5s-0.12,46.62-0.12,51.88c0,23.12-6.25,11.25-9.75,9.62
M13.25,59.38c0.5,9.25-1.38,16.62-6.38,21.88
M59.12,52.75C70,62.38,74.62,70.38,75.75,77.62"
136,マ,"M6.5,33.75c1.88,1.88,3.5,1.99,6.5,1.62c19.62-2.38,33.5-4,51.25-6.38c6.85-0.92,9.37,1.67,4.38,7.62c-7.12,8.5-17.88,20-28.75,31.62
M28.38,58.88c8.43,6.5,16.6,15.93,20.25,26.25"
137,ミ,"M12.12,20c10.4,2.57,20.5,6.3,25,10.38
M12.25,46.88c10.72,2.69,21.11,6.6,25.75,10.88
M6.75,75C22.46,79.49,37.7,86,44.5,93.12"
138,ム,"M36.88,22.5c0.88,1.75,0.78,4.57-0.38,6.88c-9.25,18.38-16.19,30.96-25.25,45.75c-3.75,6.12-3,8.38,4.38,7.12s46.62-8.12,49.62-8.88
M55.25,60.12c6.88,6.38,13.62,14.88,16,25.38"
139,メ,"M54.25,19.12c0.88,1.75,0.48,4.44-0.38,6.88c-7.75,22.12-21.75,47.62-45,62.88
M20.38,39.5c16.54,7.76,32.12,18,38.5,30.88"
140,モ,"M16.5,26.19c2.5,1.19,4.33,1.6,7.45,1.35c11.55-0.91,21.93-2.16,32.79-3.93c2.62-0.42,6.27-0.41,8.39-0.17
M6.12,54.38c2.62,1,4.78,1.45,9.12,0.75C35.5,51.88,49.12,49.75,66.88,49c3.75-0.16,7.38,0.25,11.12,0.88
M37.38,29.88c1.12,1.62,1.42,3.62,1.42,6.12c0,6.53-0.65,33.56-0.65,35.88c0,7.67,3.09,11.08,10.53,11.76c5.33,0.49,12.31,0.24,16.37,0c4.46-0.26,6.52-0.74,9.59-1.43"
141,ヤ,"M6.12,45.75c2.12,1.62,6.15,2.35,10.12,1.38c18.88-4.62,33.39-7.83,48.88-11.88c22-5.75,1.5,14.25-2.75,20
M26.59,19.38c1.65,1.4,2.54,2.67,3.18,5.21s11.95,52.9,12.59,55.57c0.64,2.67,2.16,9.16,3.05,12.46"
142,ユ,"M18.5,35.38c2.38,1.5,5.14,2.08,9.25,1.5c13.25-1.88,18.02-2.4,27.62-4c6.75-1.12,7.78,0.16,6.5,6.38c-2.38,11.5-4.88,24.5-6.5,34.5
M6,76.88c2.75,1.5,4.76,2.05,9.12,1.5c22.62-2.88,36-3.88,54.12-3.88c3.75,0,7.38,0.5,11.12,1.12"
143,ヨ,"M11.88,30.12c2.38,1.5,5.12,1.98,9.25,1.5c14-1.62,26.71-3.04,36.38-4.25c6-0.75,6.88,0.5,6.5,6.38C63.01,49.26,62.12,64.38,61,76
M12,52.88c2.38,1.5,5.12,1.98,9.25,1.5c10.5-1.22,22.81-2.29,31.11-3.04c2.77-0.25,5.27,0.04,7.77,0.54
M6.25,78.84c2.75,1.3,4.74,1.68,9.12,1.3c12.5-1.08,29.37-2.9,41.38-2.9c3.38,0,5.62,0,9.38,0.54"
144,ラ,"M18.38,21.06c2.07,1.86,4.43,2.53,8.05,2.15c9.2-0.96,14.34-2.01,21.57-2.95c2.41-0.31,4.13-0.53,6.51-0.19
M5.75,41.89c2.38,1.7,5.12,2.24,9.25,1.7c14-1.84,31.21-4.95,40.88-6.32c6-0.85,8.14,0.62,6.25,5.72c-6.88,18.62-22,38.25-45.25,48.62"
145,リ,"M9.38,18.38c1.12,1.5,1.62,3,1.62,4.88s0,25,0,27s0,6.12,0,7.75
M45.38,15.38c1.5,1.25,2.38,3.12,2.38,5.38s-0.12,28.88-0.12,32.88c0,19.62-9.5,32.25-21.75,40.38"
146,ル,"M22.75,31.88c1.12,1.5,1.72,3,1.62,4.88c-1.12,22.88-8.88,40.62-17.5,49.5
M44.88,19.62c1.5,1.25,2.38,3.12,2.38,5.38s-0.12,47.62-0.12,51.62c0,10.5,0.52,10.21,9.38,2.75c9.5-8,16.5-14.62,26.38-25.62"
147,レ,"M9.88,19.75c1.5,1.25,2.38,3.12,2.38,5.38s-0.12,50.12-0.12,54.12C12.12,88,12,87.88,21.5,83c13.23-6.79,33.38-22.5,43.25-33.5"
148,ロ,"M8.62,33.25c1.5,1.25,2.16,3.14,2.38,5.38c0.96,10.07,2.14,23.67,3.14,34.88c0.31,3.4,0.59,6.58,0.86,9.38
M11.75,36.12c9.25-1,37.62-3.12,45.62-4.25s9.57,0.53,8.38,6.62C63.62,49.38,61.62,60.38,59,73.38
M15.62,78.12c5.38-0.5,33.62-3,36.5-3s7.88-0.25,11.5,0.25"
149,ワ,"M8.75,23.62c1.5,1.25,2.16,3.14,2.38,5.38c0.96,10.07,0.89,8.17,1.89,19.38c0.31,3.4,0.59,6.58,0.86,9.38
M11.5,26.38c3.12,0.38,5.16,0.22,8.23-0.06C33.5,25.03,46.88,24,61.38,22.62c8.04-0.76,9.44,0.51,8.38,6.62C65,56.5,49.12,76.88,25.88,90.75"
150,ヲ,"M6.62,25.14c2.38,1.7,5.11,2.13,9.25,1.7c12.32-1.29,21.94-2.6,30.48-3.64c2.81-0.34,5.51-0.65,8.14-0.93
M5.38,46.69c2.25,1.44,4.44,1.9,8.05,1.4c8.19-1.15,19.93-2.64,28.56-3.79c2.38-0.31,4.65-0.62,6.75-0.92
M54.38,22.88c0.88,2,0.62,4.64,0.12,7C49.62,52.38,31,77,10.38,90.62"
151,ン,"M6.38,24.88c5.76,2.15,12.68,8.47,15.75,14.25
M8.5,83.75c2.5,1.62,5.12,0.96,7.75-0.62C36.38,71,51.25,58.5,65.88,42"
152,ガ,"M8.5,40.62c1.88,1.25,4.51,1.87,7.12,1.5c17.88-2.5,32.78-4.51,42.5-5.88c7.12-1,10.59,0.24,8.62,7.88c-2.12,8.25-4.47,17.81-9.25,29.12C47,98.12,43.38,87.75,38.25,85.12
M38.88,17.12c0.88,1.62,1.29,3.83,0.75,6.75C35.38,46.75,23.75,69.12,9.38,82.75
M66,19.75c2.75,1.75,6,5.38,7.75,8.5
M72.38,14.88c3.06,1.57,6.68,4.82,8.62,7.62"
153,ギ,"M13.75,40.5c1.75,0.62,4.77,1.09,7.25,0.38C32.75,37.5,51.62,32.75,58.5,31c2.62-0.67,6.75-1.12,9-1
M6.25,65.8c2.28,0.84,6.24,1.18,9.46,0.17c17.79-5.59,32.67-9.09,49.17-12.99c3.43-0.81,8.81-1.52,11.74-1.35
M35.62,16.75c2.5,1.75,3.43,3.24,3.88,6.12c2.12,13.62,6.38,45.38,8.25,59.25c0.4,3,1,8.38,1.38,11.12
M68.62,15.13c2.75,1.93,6,5.93,7.75,9.37
M75,10c2.71,1.73,5.9,5.32,7.62,8.41"
154,グ,"M28.75,19.62c0.38,1.5,0.34,3.48-0.5,5.12c-4.12,8.12-7.88,15.5-16.12,24.12
M30,28.62c2.62,0.25,5.67-0.39,7.62-0.88c6-1.5,9.75-2.38,15.12-3.88c5.79-1.62,7.53-0.42,5.12,4.88C47.5,51.62,31.62,72.88,9.25,89.25
M62.5,13.5c2.75,1.75,6,5.38,7.75,8.5
M68.88,8.62c3.06,1.57,6.68,4.82,8.62,7.62"
155,ゲ,"M27.46,17.88c0.44,1.9,0.39,4.42-0.59,6.5C22.05,34.69,17.66,44.05,8,55
M24.38,37.62c2.12,0.88,4.15,1.04,6.62,0.5c12.62-2.75,25.5-4.88,35.75-6.5c3.61-0.57,6.25-0.75,9.25-0.5
M50.96,38.88c0.44,1.9,0.5,4.27-0.08,6.5c-3.63,13.75-9.25,31.25-24.63,43.87
M70.12,13.94c2.95,1.81,6.43,5.57,8.3,8.81
M76.62,9.12c3.02,1.63,6.58,5,8.5,7.9"
156,ゴ,"M8.88,35c1.75,1,3.01,2.18,6.5,1.62c14.25-2.25,29.62-4.25,37.38-5.5c9.37-1.51,9.88,0.25,8,7.5c-2.77,10.71-5.25,22.12-7,34.88
M6.25,77.38c2.62,1.12,4.38,1.51,8.25,1c11.38-1.5,22.62-3,33.75-3.38c4-0.13,5.88,0,9.62,0.5
M63.5,15.5c2.75,1.75,6,5.38,7.75,8.5
M69.62,10.38c3.06,1.57,6.68,4.82,8.62,7.62"
157,ザ,"M6.25,44.34c2.84,1.27,4.77,1.91,8.93,1.13c17.2-3.22,40.45-5.35,58.53-5.34c4.33,0,6.92,0.37,10.42,0.82
M26.38,23.38c1.12,1.38,1.19,2.5,1.25,4.75c0.25,9,0.38,20.25,0.75,28.88c0.14,3.25,0.38,7.12,0.38,9.25
M59.38,16.62c1.5,2,1.62,2.87,1.62,6.25c0,8.25-0.16,9-0.16,15.88c0,23.25-9.34,42.5-23.21,53
M72.5,18.73c2.85,1.78,6.21,5.47,8.03,8.65
M79.25,14.12c2.93,1.57,6.39,4.83,8.25,7.63"
158,ジ,"M19.62,19.75c5.14,1.57,9.79,6.01,11.5,8.62
M5.75,42.62C9,43.5,16,48.12,18,50.75
M12.75,85c3.62,1.62,6.5,0.88,10.38-1.38C40.94,73.28,55.5,59.75,69.25,40.75
M58.25,18.98c2.85,1.78,6.21,5.47,8.03,8.65
M65,14.38c2.93,1.57,6.39,4.83,8.25,7.63"
159,ズ,"M15.75,29.38c1.75,1.5,4.15,1.98,6.62,1.38c13.25-3.25,24.25-5.62,31.25-7.38s8.64,1.16,6.5,5.75C48.88,53.25,31.75,75,6.62,86.38
M46.62,57.25c11,7.38,21,17,28,28.62
M71,16.5c2.75,1.75,6,5.38,7.75,8.5
M77.38,11.62c3.06,1.57,6.68,4.82,8.62,7.62"
160,ゼ,"M6.12,49.38c3.12,1.5,5.04,2.18,8.62,1.38c23.5-5.25,31.24-7.43,50.62-11.62c23.12-5,6.5,7.75-3.25,18.12
M31.5,19.5c2,2.25,2.15,3.5,2.12,6.62c-0.12,17.5-0.88,31.75-0.88,41.12c0,14,3.13,16.99,12.38,17.12c8.38,0.12,14.12,0.12,18,0.12s7.5-0.5,10.5-1.12
M72.5,20.25c2.75,1.75,6,5.38,7.75,8.5
M78.88,15.38c3.06,1.57,6.68,4.82,8.62,7.62"
161,ゾ,"M6,26.65c3.83,4.02,7.54,9.72,10.5,17.5
M65.5,21.9c1.25,2.5,1.3,4.44,0.12,8.5C59.75,50.77,39.38,79.4,20,91.15
M68.75,10.65c2.75,1.75,6,5.38,7.75,8.5
M75.12,5.77c3.06,1.57,6.68,4.82,8.62,7.62"
162,ダ,"M29.83,19.75c0.43,1.72,0.39,4-0.58,5.89c-4.77,9.34-9.1,17.82-18.63,27.73
M30.75,30.38c2.5,0.62,5.67-0.14,7.62-0.62c6-1.5,10.5-2.62,15.88-4.12c5.79-1.62,8.22,0.31,5.88,5.62C49.25,55.88,38,75.25,10,91.25
M24.38,45.62c6.75,3.5,10.62,7.88,14.75,15.25
M64.62,14.19c2.95,1.81,6.43,5.57,8.3,8.81
M71.12,9.38c3.02,1.63,6.58,5,8.5,7.9"
163,ヂ,"M58.62,15.25c-0.38,2.62-2.26,4.37-4.12,5.38c-7.88,4.25-18.62,9.75-35.5,13.25
M7.12,51.5c2.88,0.88,4.39,1.65,7.88,1.25c22-2.5,36.38-4.25,56.12-4.88C76,47.72,79,48.38,82,49.38
M43.5,30.75c0.88,0.75,1.75,2.49,1.75,4.75c0,6.03,0.03,11.25,0.03,18.27c0,14.98-5.03,29.48-16.53,39.23
M68.5,25.73c2.85,1.78,6.21,5.47,8.03,8.65
M75.25,21.12c2.93,1.57,6.39,4.83,8.25,7.63"
164,づ,"M5.62,44.75c1.88,1.62,4.68,2.09,8.12,0.62c17.88-7.62,30-11.12,44.88-10.88c12.56,0.21,22.98,7.17,22.87,19.17c-0.18,18.77-24.75,28.71-45.01,32.08
M72.62,18c2.75,1.75,6,5.38,7.75,8.5
M79,13.12c3.06,1.57,6.68,4.82,8.62,7.62"
165,デ,"M22.5,21.5c2.12,1.25,4.38,1.59,7.25,1.25c10.62-1.25,16.88-2.25,24.62-3.25C58.1,19.02,60,19,62.5,19.25
M6,44.12c2.88,1,5.26,1.05,7.5,0.75c22.38-3,37-5.62,54.13-6.12c5.62-0.16,7.75,0,10.38,0.62
M44,43.25c0.88,1,1.32,2.63,1.12,4.38C43.38,63,33.5,82.62,20.5,89.5
M70.25,16.98c2.85,1.78,6.21,5.47,8.03,8.65
M77,12.38c2.93,1.57,6.39,4.83,8.25,7.63"
166,ド,"M9.38,16.38c1.25,1.12,2.12,3.25,2.12,5.5c0,26.12,0,53.5,0,57.62s0,10.5,0,13.38
M14.62,43.12c11.75,4.12,18.25,10.62,24.5,18.75
M32.25,26.75c2.75,1.75,6,5.38,7.75,8.5
M38.62,21.88c3.06,1.57,6.68,4.82,8.62,7.62"
167,バ,"M28.7,36.62c0.38,1.14,0.38,2.84-0.12,4.14C23.12,54.75,15.5,64.88,6.62,73.25
M55.12,36.38c13,9.12,23.12,22.62,28,33.38
M70.75,21c2.75,1.75,6,5.38,7.75,8.5
M77.12,16.12c3.06,1.57,6.68,4.82,8.62,7.62"
168,ビ,"M13.5,44.5c1.75,1.38,4.51,2.19,6.88,1.88C30.62,45,37.62,43.5,44.62,42.12c3.01-0.59,7.12-1,9.38-0.88
M9.12,17.62C10.5,18.88,11,21,11,23.75s-0.88,44-0.88,47.25c0,9.75,4,14.62,13.75,14.62c6,0,16.38,0.12,21.38,0s9.5-0.62,13.5-1.5
M56.25,26.25c2.75,1.75,6,5.38,7.75,8.5
M62.62,21.38c3.06,1.57,6.68,4.82,8.62,7.62"
169,ブ,"M6,30c1.88,1.88,3.5,2.04,6.5,1.62c14.5-2,29-4.38,43.75-6.88c6.82-1.16,10.58,2.29,6.88,9.12C52.75,53,41.88,73.38,13.12,87.5
M67.5,15.63c2.61,1.93,5.7,5.93,7.36,9.37
M73.56,10.5c2.82,1.78,6.15,5.48,7.94,8.66"
170,ベ,"M6.12,49c2.75,1.5,5.33,0.62,6.88-0.88c4-3.88,9.38-8.5,11.88-11C28,34,32.11,32.04,36.75,36C47.88,45.5,63,58.5,73.62,67.12c4.23,3.43,7.62,6.62,11.12,9.25
M57.5,27c2.75,1.75,6,5.38,7.75,8.5
M63.88,22.12c3.06,1.57,6.68,4.82,8.62,7.62"
171,ボ,"M8.5,40.38c2.62,1,4.75,1.71,9.12,1.25c17.75-1.88,29.25-2.75,45.38-3.88c3.74-0.26,7.38-0.12,11.12,0.62
M39.62,17.12C41,19,41,21.62,41,24.5s-0.12,46.62-0.12,51.88c0,23.12-6.25,11.25-9.75,9.62
M13.25,59.38c0.5,9.25-1.38,16.62-6.38,21.88
M59.38,53C70.25,62.62,74.88,70.62,76,77.88
M58.5,17.5c2.75,1.75,6,5.38,7.75,8.5
M64.88,12.62c3.06,1.57,6.68,4.82,8.62,7.62"
172,パ,"M28.7,36.62c0.38,1.14,0.38,2.84-0.12,4.14C23.12,54.75,15.5,64.88,6.62,73.25
M55.12,36.38c13,9.12,23.12,22.62,28,33.38
M75.62,30.12c-9.62,0-9.25-14.25,0-14.25C85.38,15.88,85.12,30.12,75.62,30.12"
173,ピ,"M13.5,44.5c1.75,1.38,4.51,2.19,6.88,1.88C30.62,45,37.62,43.5,44.62,42.12c3.01-0.59,7.12-1,9.38-0.88
M9.12,17.62C10.5,18.88,11,21,11,23.75s-0.88,44-0.88,47.25c0,9.75,4,14.62,13.75,14.62c6,0,16.38,0.12,21.38,0s9.5-0.62,13.5-1.5
M61.12,32.88c-9.62,0-9.25-14.25,0-14.25C70.88,18.62,70.62,32.88,61.12,32.88"
174,プ,"M6,30c1.88,1.88,3.5,2.04,6.5,1.62c14.5-2,29-4.38,43.75-6.88c6.82-1.16,10.58,2.29,6.88,9.12C52.75,53,41.88,73.38,13.12,87.5
M74.12,23.88c-9.62,0-9.25-14.25,0-14.25C83.88,9.62,83.62,23.88,74.12,23.88"
175,ペ,"M6.38,49.25c2.75,1.5,5.33,0.62,6.88-0.88c4-3.88,9.12-8.75,11.62-11.25C28,34,32.11,32.04,36.75,36C47.88,45.5,63,58,73.62,66.62c4.23,3.43,7.62,6.62,11.12,9.25
M63.62,36.12c-9.62,0-9.25-14.25,0-14.25C73.38,21.88,73.12,36.12,63.62,36.12"
176,ポ,"M8.5,40.38c2.62,1,4.75,1.71,9.12,1.25c17.75-1.88,29.25-2.75,45.38-3.88c3.74-0.26,7.38-0.12,11.12,0.62
M39.62,17.12C41,19,41,21.62,41,24.5s-0.12,46.62-0.12,51.88c0,23.12-6.25,11.25-9.75,9.62
M13.25,59.38c0.5,9.25-1.38,16.62-6.38,21.88
M59.38,53C70.25,62.62,74.88,70.62,76,77.88
M65.62,25.62c-9.62,0-9.25-14.25,0-14.25C75.38,11.38,75.12,25.62,65.62,25.62"
177,キャ,"M13.75,40.5c1.75,0.62,4.77,1.09,7.25,0.38C32.75,37.5,51.62,32.75,58.5,31c2.62-0.67,6.75-1.12,9-1
M6.25,65.8c2.28,0.84,6.24,1.18,9.46,0.17c17.79-5.59,32.67-9.09,49.17-12.99c3.43-0.81,8.81-1.52,11.74-1.35
M35.62,16.75c2.5,1.75,3.43,3.24,3.88,6.12c2.12,13.62,6.38,45.38,8.25,59.25c0.4,3,1,8.38,1.38,11.12","M6.39,56.25c1.67,1.28,4.84,1.85,7.96,1.08c14.85-3.64,26.27-6.16,38.45-9.34c17.31-4.52,1.18,11.21-2.16,15.73
M22.49,35.5c1.3,1.1,2,2.1,2.5,4.1c0.5,2,9.4,41.62,9.9,43.72c0.5,2.1,1.7,7.2,2.4,9.8"
178,キュ,"M13.75,40.5c1.75,0.62,4.77,1.09,7.25,0.38C32.75,37.5,51.62,32.75,58.5,31c2.62-0.67,6.75-1.12,9-1
M6.25,65.8c2.28,0.84,6.24,1.18,9.46,0.17c17.79-5.59,32.67-9.09,49.17-12.99c3.43-0.81,8.81-1.52,11.74-1.35
M35.62,16.75c2.5,1.75,3.43,3.24,3.88,6.12c2.12,13.62,6.38,45.38,8.25,59.25c0.4,3,1,8.38,1.38,11.12","M16.05,52.84c1.91,1.21,4.13,1.67,7.44,1.21c10.65-1.51,13.99-1.68,21.71-2.97c5.43-0.9,6.26,0.13,5.23,5.12c-1.91,9.25-3.92,19.45-5.23,27.49
M5.75,86.21c2.21,1.21,3.84,1.73,7.34,1.21c18.54-2.79,28.95-3.12,43.52-3.12c3.02,0,5.93,0.4,8.95,0.9"
179,キョ,"M13.75,40.5c1.75,0.62,4.77,1.09,7.25,0.38C32.75,37.5,51.62,32.75,58.5,31c2.62-0.67,6.75-1.12,9-1
M6.25,65.8c2.28,0.84,6.24,1.18,9.46,0.17c17.79-5.59,32.67-9.09,49.17-12.99c3.43-0.81,8.81-1.52,11.74-1.35
M35.62,16.75c2.5,1.75,3.43,3.24,3.88,6.12c2.12,13.62,6.38,45.38,8.25,59.25c0.4,3,1,8.38,1.38,11.12","M10.5,50.62c1.9,1.21,4.09,1.6,7.39,1.21c11.19-1.32,21.35-2.46,29.07-3.44c4.79-0.61,5.49,0.4,5.2,5.16c-0.79,12.56-1.5,24.79-2.4,34.21
M10.6,69.04c1.9,1.21,4.09,1.6,7.39,1.21c8.39-0.99,18.23-1.85,24.86-2.47c2.21-0.2,4.21,0.04,6.21,0.44
M6,90.06c2.2,1.05,3.79,1.36,7.29,1.05c9.99-0.88,23.47-2.35,33.07-2.35c2.7,0,4.49,0,7.49,0.44"
180,シャ,"M19.62,19.75c5.14,1.57,9.79,6.01,11.5,8.62
M5.75,42.62C9,43.5,16,48.12,18,50.75
M12.75,85c3.75,0.88,7.12,0.49,10.38-1.38C41,73.38,55.5,59.75,69.25,40.75","M6.39,56.25c1.67,1.28,4.84,1.85,7.96,1.08c14.85-3.64,26.27-6.16,38.45-9.34c17.31-4.52,1.18,11.21-2.16,15.73
M22.49,35.5c1.3,1.1,2,2.1,2.5,4.1c0.5,2,9.4,41.62,9.9,43.72c0.5,2.1,1.7,7.2,2.4,9.8"
181,シュ,"M19.62,19.75c5.14,1.57,9.79,6.01,11.5,8.62
M5.75,42.62C9,43.5,16,48.12,18,50.75
M12.75,85c3.75,0.88,7.12,0.49,10.38-1.38C41,73.38,55.5,59.75,69.25,40.75","M16.05,52.84c1.91,1.21,4.13,1.67,7.44,1.21c10.65-1.51,13.99-1.68,21.71-2.97c5.43-0.9,6.26,0.13,5.23,5.12c-1.91,9.25-3.92,19.45-5.23,27.49
M5.75,86.21c2.21,1.21,3.84,1.73,7.34,1.21c18.54-2.79,28.95-3.12,43.52-3.12c3.02,0,5.93,0.4,8.95,0.9"
182,ショ,"M19.62,19.75c5.14,1.57,9.79,6.01,11.5,8.62
M5.75,42.62C9,43.5,16,48.12,18,50.75
M12.75,85c3.75,0.88,7.12,0.49,10.38-1.38C41,73.38,55.5,59.75,69.25,40.75","M10.5,50.62c1.9,1.21,4.09,1.6,7.39,1.21c11.19-1.32,21.35-2.46,29.07-3.44c4.79-0.61,5.49,0.4,5.2,5.16c-0.79,12.56-1.5,24.79-2.4,34.21
M10.6,69.04c1.9,1.21,4.09,1.6,7.39,1.21c8.39-0.99,18.23-1.85,24.86-2.47c2.21-0.2,4.21,0.04,6.21,0.44
M6,90.06c2.2,1.05,3.79,1.36,7.29,1.05c9.99-0.88,23.47-2.35,33.07-2.35c2.7,0,4.49,0,7.49,0.44"
183,チャ,"M58.38,15.25c-0.38,2.62-2.01,4.37-3.88,5.38c-7.88,4.25-18.62,9.75-35.5,13.25
M7.12,51.5c2.88,0.88,4.39,1.65,7.88,1.25c22-2.5,36.38-4.25,56.12-4.88C76,47.72,79,48.38,82,49.38
M43.5,30.75c0.88,0.75,1.75,2.49,1.75,4.75c0,6.03,0.03,11.25,0.03,18.27c0,14.98-5.03,29.48-16.53,39.23","M6.39,56.25c1.67,1.28,4.84,1.85,7.96,1.08c14.85-3.64,26.27-6.16,38.45-9.34c17.31-4.52,1.18,11.21-2.16,15.73
M22.49,35.5c1.3,1.1,2,2.1,2.5,4.1c0.5,2,9.4,41.62,9.9,43.72c0.5,2.1,1.7,7.2,2.4,9.8"
184,チュ,"M58.38,15.25c-0.38,2.62-2.01,4.37-3.88,5.38c-7.88,4.25-18.62,9.75-35.5,13.25
M7.12,51.5c2.88,0.88,4.39,1.65,7.88,1.25c22-2.5,36.38-4.25,56.12-4.88C76,47.72,79,48.38,82,49.38
M43.5,30.75c0.88,0.75,1.75,2.49,1.75,4.75c0,6.03,0.03,11.25,0.03,18.27c0,14.98-5.03,29.48-16.53,39.23","M16.05,52.84c1.91,1.21,4.13,1.67,7.44,1.21c10.65-1.51,13.99-1.68,21.71-2.97c5.43-0.9,6.26,0.13,5.23,5.12c-1.91,9.25-3.92,19.45-5.23,27.49
M5.75,86.21c2.21,1.21,3.84,1.73,7.34,1.21c18.54-2.79,28.95-3.12,43.52-3.12c3.02,0,5.93,0.4,8.95,0.9"
185,チョ,"M58.38,15.25c-0.38,2.62-2.01,4.37-3.88,5.38c-7.88,4.25-18.62,9.75-35.5,13.25
M7.12,51.5c2.88,0.88,4.39,1.65,7.88,1.25c22-2.5,36.38-4.25,56.12-4.88C76,47.72,79,48.38,82,49.38
M43.5,30.75c0.88,0.75,1.75,2.49,1.75,4.75c0,6.03,0.03,11.25,0.03,18.27c0,14.98-5.03,29.48-16.53,39.23","M10.5,50.62c1.9,1.21,4.09,1.6,7.39,1.21c11.19-1.32,21.35-2.46,29.07-3.44c4.79-0.61,5.49,0.4,5.2,5.16c-0.79,12.56-1.5,24.79-2.4,34.21
M10.6,69.04c1.9,1.21,4.09,1.6,7.39,1.21c8.39-0.99,18.23-1.85,24.86-2.47c2.21-0.2,4.21,0.04,6.21,0.44
M6,90.06c2.2,1.05,3.79,1.36,7.29,1.05c9.99-0.88,23.47-2.35,33.07-2.35c2.7,0,4.49,0,7.49,0.44"
186,ニャ,"M19.75,34.69c2.5,1.19,4.33,1.6,7.45,1.35c11.55-0.91,18.3-2.41,27.04-3.18c2.64-0.23,6.27-0.16,8.39,0.08
M7.12,74.88c2.62,1,4.78,1.45,9.12,0.75c20.25-3.25,36.5-3.88,52.38-3.88c3.75,0,8,1,11.12,2.38","M6.39,56.25c1.67,1.28,4.84,1.85,7.96,1.08c14.85-3.64,26.27-6.16,38.45-9.34c17.31-4.52,1.18,11.21-2.16,15.73
M22.49,35.5c1.3,1.1,2,2.1,2.5,4.1c0.5,2,9.4,41.62,9.9,43.72c0.5,2.1,1.7,7.2,2.4,9.8"
187,ニュ,"M19.75,34.69c2.5,1.19,4.33,1.6,7.45,1.35c11.55-0.91,18.3-2.41,27.04-3.18c2.64-0.23,6.27-0.16,8.39,0.08
M7.12,74.88c2.62,1,4.78,1.45,9.12,0.75c20.25-3.25,36.5-3.88,52.38-3.88c3.75,0,8,1,11.12,2.38","M16.05,52.84c1.91,1.21,4.13,1.67,7.44,1.21c10.65-1.51,13.99-1.68,21.71-2.97c5.43-0.9,6.26,0.13,5.23,5.12c-1.91,9.25-3.92,19.45-5.23,27.49
M5.75,86.21c2.21,1.21,3.84,1.73,7.34,1.21c18.54-2.79,28.95-3.12,43.52-3.12c3.02,0,5.93,0.4,8.95,0.9"
188,ニョ,"M19.75,34.69c2.5,1.19,4.33,1.6,7.45,1.35c11.55-0.91,18.3-2.41,27.04-3.18c2.64-0.23,6.27-0.16,8.39,0.08
M7.12,74.88c2.62,1,4.78,1.45,9.12,0.75c20.25-3.25,36.5-3.88,52.38-3.88c3.75,0,8,1,11.12,2.38","M10.5,50.62c1.9,1.21,4.09,1.6,7.39,1.21c11.19-1.32,21.35-2.46,29.07-3.44c4.79-0.61,5.49,0.4,5.2,5.16c-0.79,12.56-1.5,24.79-2.4,34.21
M10.6,69.04c1.9,1.21,4.09,1.6,7.39,1.21c8.39-0.99,18.23-1.85,24.86-2.47c2.21-0.2,4.21,0.04,6.21,0.44
M6,90.06c2.2,1.05,3.79,1.36,7.29,1.05c9.99-0.88,23.47-2.35,33.07-2.35c2.7,0,4.49,0,7.49,0.44"
189,ヒャ,"M13.5,44.5c1.75,1.38,4.51,2.19,6.88,1.88C30.62,45,37.62,43.5,44.62,42.12c3.01-0.59,7.12-1,9.38-0.88
M9.12,17.62C10.5,18.88,11,21,11,23.75s-0.88,44-0.88,47.25c0,9.75,4,14.62,13.75,14.62c6,0,16.38,0.12,21.38,0s9.5-0.62,13.5-1.5","M6.39,56.25c1.67,1.28,4.84,1.85,7.96,1.08c14.85-3.64,26.27-6.16,38.45-9.34c17.31-4.52,1.18,11.21-2.16,15.73
M22.49,35.5c1.3,1.1,2,2.1,2.5,4.1c0.5,2,9.4,41.62,9.9,43.72c0.5,2.1,1.7,7.2,2.4,9.8"
190,ヒュ,"M13.5,44.5c1.75,1.38,4.51,2.19,6.88,1.88C30.62,45,37.62,43.5,44.62,42.12c3.01-0.59,7.12-1,9.38-0.88
M9.12,17.62C10.5,18.88,11,21,11,23.75s-0.88,44-0.88,47.25c0,9.75,4,14.62,13.75,14.62c6,0,16.38,0.12,21.38,0s9.5-0.62,13.5-1.5","M16.05,52.84c1.91,1.21,4.13,1.67,7.44,1.21c10.65-1.51,13.99-1.68,21.71-2.97c5.43-0.9,6.26,0.13,5.23,5.12c-1.91,9.25-3.92,19.45-5.23,27.49
M5.75,86.21c2.21,1.21,3.84,1.73,7.34,1.21c18.54-2.79,28.95-3.12,43.52-3.12c3.02,0,5.93,0.4,8.95,0.9"
191,ヒョ,"M13.5,44.5c1.75,1.38,4.51,2.19,6.88,1.88C30.62,45,37.62,43.5,44.62,42.12c3.01-0.59,7.12-1,9.38-0.88
M9.12,17.62C10.5,18.88,11,21,11,23.75s-0.88,44-0.88,47.25c0,9.75,4,14.62,13.75,14.62c6,0,16.38,0.12,21.38,0s9.5-0.62,13.5-1.5","M10.5,50.62c1.9,1.21,4.09,1.6,7.39,1.21c11.19-1.32,21.35-2.46,29.07-3.44c4.79-0.61,5.49,0.4,5.2,5.16c-0.79,12.56-1.5,24.79-2.4,34.21
M10.6,69.04c1.9,1.21,4.09,1.6,7.39,1.21c8.39-0.99,18.23-1.85,24.86-2.47c2.21-0.2,4.21,0.04,6.21,0.44
M6,90.06c2.2,1.05,3.79,1.36,7.29,1.05c9.99-0.88,23.47-2.35,33.07-2.35c2.7,0,4.49,0,7.49,0.44"
192,ミャ,"M12.12,20c10.4,2.57,20.5,6.3,25,10.38
M12.25,46.88c10.72,2.69,21.11,6.6,25.75,10.88
M6.75,75C22.46,79.49,37.7,86,44.5,93.12","M6.39,56.25c1.67,1.28,4.84,1.85,7.96,1.08c14.85-3.64,26.27-6.16,38.45-9.34c17.31-4.52,1.18,11.21-2.16,15.73
M22.49,35.5c1.3,1.1,2,2.1,2.5,4.1c0.5,2,9.4,41.62,9.9,43.72c0.5,2.1,1.7,7.2,2.4,9.8"
193,ミュ,"M12.12,20c10.4,2.57,20.5,6.3,25,10.38
M12.25,46.88c10.72,2.69,21.11,6.6,25.75,10.88
M6.75,75C22.46,79.49,37.7,86,44.5,93.12","M16.05,52.84c1.91,1.21,4.13,1.67,7.44,1.21c10.65-1.51,13.99-1.68,21.71-2.97c5.43-0.9,6.26,0.13,5.23,5.12c-1.91,9.25-3.92,19.45-5.23,27.49
M5.75,86.21c2.21,1.21,3.84,1.73,7.34,1.21c18.54-2.79,28.95-3.12,43.52-3.12c3.02,0,5.93,0.4,8.95,0.9"
194,ミョ,"M12.12,20c10.4,2.57,20.5,6.3,25,10.38
M12.25,46.88c10.72,2.69,21.11,6.6,25.75,10.88
M6.75,75C22.46,79.49,37.7,86,44.5,93.12","M10.5,50.62c1.9,1.21,4.09,1.6,7.39,1.21c11.19-1.32,21.35-2.46,29.07-3.44c4.79-0.61,5.49,0.4,5.2,5.16c-0.79,12.56-1.5,24.79-2.4,34.21
M10.6,69.04c1.9,1.21,4.09,1.6,7.39,1.21c8.39-0.99,18.23-1.85,24.86-2.47c2.21-0.2,4.21,0.04,6.21,0.44
M6,90.06c2.2,1.05,3.79,1.36,7.29,1.05c9.99-0.88,23.47-2.35,33.07-2.35c2.7,0,4.49,0,7.49,0.44"
195,リャ,"M9.38,18.38c1.12,1.5,1.62,3,1.62,4.88s0,25,0,27s0,6.12,0,7.75
M45.38,15.38c1.5,1.25,2.38,3.12,2.38,5.38s-0.12,28.88-0.12,32.88c0,19.62-9.5,32.25-21.75,40.38","M6.39,56.25c1.67,1.28,4.84,1.85,7.96,1.08c14.85-3.64,26.27-6.16,38.45-9.34c17.31-4.52,1.18,11.21-2.16,15.73
M22.49,35.5c1.3,1.1,2,2.1,2.5,4.1c0.5,2,9.4,41.62,9.9,43.72c0.5,2.1,1.7,7.2,2.4,9.8"
196,リュ,"M9.38,18.38c1.12,1.5,1.62,3,1.62,4.88s0,25,0,27s0,6.12,0,7.75
M45.38,15.38c1.5,1.25,2.38,3.12,2.38,5.38s-0.12,28.88-0.12,32.88c0,19.62-9.5,32.25-21.75,40.38","M16.05,52.84c1.91,1.21,4.13,1.67,7.44,1.21c10.65-1.51,13.99-1.68,21.71-2.97c5.43-0.9,6.26,0.13,5.23,5.12c-1.91,9.25-3.92,19.45-5.23,27.49
M5.75,86.21c2.21,1.21,3.84,1.73,7.34,1.21c18.54-2.79,28.95-3.12,43.52-3.12c3.02,0,5.93,0.4,8.95,0.9"
197,リョ,"M9.38,18.38c1.12,1.5,1.62,3,1.62,4.88s0,25,0,27s0,6.12,0,7.75
M45.38,15.38c1.5,1.25,2.38,3.12,2.38,5.38s-0.12,28.88-0.12,32.88c0,19.62-9.5,32.25-21.75,40.38","M10.5,50.62c1.9,1.21,4.09,1.6,7.39,1.21c11.19-1.32,21.35-2.46,29.07-3.44c4.79-0.61,5.49,0.4,5.2,5.16c-0.79,12.56-1.5,24.79-2.4,34.21
M10.6,69.04c1.9,1.21,4.09,1.6,7.39,1.21c8.39-0.99,18.23-1.85,24.86-2.47c2.21-0.2,4.21,0.04,6.21,0.44
M6,90.06c2.2,1.05,3.79,1.36,7.29,1.05c9.99-0.88,23.47-2.35,33.07-2.35c2.7,0,4.49,0,7.49,0.44"
198,ギャ,"M13.75,40.5c1.75,0.62,4.77,1.09,7.25,0.38C32.75,37.5,51.62,32.75,58.5,31c2.62-0.67,6.75-1.12,9-1
M6.25,65.8c2.28,0.84,6.24,1.18,9.46,0.17c17.79-5.59,32.67-9.09,49.17-12.99c3.43-0.81,8.81-1.52,11.74-1.35
M35.62,16.75c2.5,1.75,3.43,3.24,3.88,6.12c2.12,13.62,6.38,45.38,8.25,59.25c0.4,3,1,8.38,1.38,11.12
M68.62,15.13c2.75,1.93,6,5.93,7.75,9.37
M75,10c2.71,1.73,5.9,5.32,7.62,8.41","M6.39,56.25c1.67,1.28,4.84,1.85,7.96,1.08c14.85-3.64,26.27-6.16,38.45-9.34c17.31-4.52,1.18,11.21-2.16,15.73
M22.49,35.5c1.3,1.1,2,2.1,2.5,4.1c0.5,2,9.4,41.62,9.9,43.72c0.5,2.1,1.7,7.2,2.4,9.8"
199,ギュ,"M13.75,40.5c1.75,0.62,4.77,1.09,7.25,0.38C32.75,37.5,51.62,32.75,58.5,31c2.62-0.67,6.75-1.12,9-1
M6.25,65.8c2.28,0.84,6.24,1.18,9.46,0.17c17.79-5.59,32.67-9.09,49.17-12.99c3.43-0.81,8.81-1.52,11.74-1.35
M35.62,16.75c2.5,1.75,3.43,3.24,3.88,6.12c2.12,13.62,6.38,45.38,8.25,59.25c0.4,3,1,8.38,1.38,11.12
M68.62,15.13c2.75,1.93,6,5.93,7.75,9.37
M75,10c2.71,1.73,5.9,5.32,7.62,8.41","M16.05,52.84c1.91,1.21,4.13,1.67,7.44,1.21c10.65-1.51,13.99-1.68,21.71-2.97c5.43-0.9,6.26,0.13,5.23,5.12c-1.91,9.25-3.92,19.45-5.23,27.49
M5.75,86.21c2.21,1.21,3.84,1.73,7.34,1.21c18.54-2.79,28.95-3.12,43.52-3.12c3.02,0,5.93,0.4,8.95,0.9"
200,ギョ,"M13.75,40.5c1.75,0.62,4.77,1.09,7.25,0.38C32.75,37.5,51.62,32.75,58.5,31c2.62-0.67,6.75-1.12,9-1
M6.25,65.8c2.28,0.84,6.24,1.18,9.46,0.17c17.79-5.59,32.67-9.09,49.17-12.99c3.43-0.81,8.81-1.52,11.74-1.35
M35.62,16.75c2.5,1.75,3.43,3.24,3.88,6.12c2.12,13.62,6.38,45.38,8.25,59.25c0.4,3,1,8.38,1.38,11.12
M68.62,15.13c2.75,1.93,6,5.93,7.75,9.37
M75,10c2.71,1.73,5.9,5.32,7.62,8.41","M10.5,50.62c1.9,1.21,4.09,1.6,7.39,1.21c11.19-1.32,21.35-2.46,29.07-3.44c4.79-0.61,5.49,0.4,5.2,5.16c-0.79,12.56-1.5,24.79-2.4,34.21
M10.6,69.04c1.9,1.21,4.09,1.6,7.39,1.21c8.39-0.99,18.23-1.85,24.86-2.47c2.21-0.2,4.21,0.04,6.21,0.44
M6,90.06c2.2,1.05,3.79,1.36,7.29,1.05c9.99-0.88,23.47-2.35,33.07-2.35c2.7,0,4.49,0,7.49,0.44"
201,ジャ,"M19.62,19.75c5.14,1.57,9.79,6.01,11.5,8.62
M5.75,42.62C9,43.5,16,48.12,18,50.75
M12.75,85c3.62,1.62,6.5,0.88,10.38-1.38C40.94,73.28,55.5,59.75,69.25,40.75
M58.25,18.98c2.85,1.78,6.21,5.47,8.03,8.65
M65,14.38c2.93,1.57,6.39,4.83,8.25,7.63","M6.39,56.25c1.67,1.28,4.84,1.85,7.96,1.08c14.85-3.64,26.27-6.16,38.45-9.34c17.31-4.52,1.18,11.21-2.16,15.73
M22.49,35.5c1.3,1.1,2,2.1,2.5,4.1c0.5,2,9.4,41.62,9.9,43.72c0.5,2.1,1.7,7.2,2.4,9.8"
202,ジュ,"M19.62,19.75c5.14,1.57,9.79,6.01,11.5,8.62
M5.75,42.62C9,43.5,16,48.12,18,50.75
M12.75,85c3.62,1.62,6.5,0.88,10.38-1.38C40.94,73.28,55.5,59.75,69.25,40.75
M58.25,18.98c2.85,1.78,6.21,5.47,8.03,8.65
M65,14.38c2.93,1.57,6.39,4.83,8.25,7.63","M16.05,52.84c1.91,1.21,4.13,1.67,7.44,1.21c10.65-1.51,13.99-1.68,21.71-2.97c5.43-0.9,6.26,0.13,5.23,5.12c-1.91,9.25-3.92,19.45-5.23,27.49
M5.75,86.21c2.21,1.21,3.84,1.73,7.34,1.21c18.54-2.79,28.95-3.12,43.52-3.12c3.02,0,5.93,0.4,8.95,0.9"
203,ジョ,"M19.62,19.75c5.14,1.57,9.79,6.01,11.5,8.62
M5.75,42.62C9,43.5,16,48.12,18,50.75
M12.75,85c3.62,1.62,6.5,0.88,10.38-1.38C40.94,73.28,55.5,59.75,69.25,40.75
M58.25,18.98c2.85,1.78,6.21,5.47,8.03,8.65
M65,14.38c2.93,1.57,6.39,4.83,8.25,7.63","M10.5,50.62c1.9,1.21,4.09,1.6,7.39,1.21c11.19-1.32,21.35-2.46,29.07-3.44c4.79-0.61,5.49,0.4,5.2,5.16c-0.79,12.56-1.5,24.79-2.4,34.21
M10.6,69.04c1.9,1.21,4.09,1.6,7.39,1.21c8.39-0.99,18.23-1.85,24.86-2.47c2.21-0.2,4.21,0.04,6.21,0.44
M6,90.06c2.2,1.05,3.79,1.36,7.29,1.05c9.99-0.88,23.47-2.35,33.07-2.35c2.7,0,4.49,0,7.49,0.44"
204,ビャ,"M13.5,44.5c1.75,1.38,4.51,2.19,6.88,1.88C30.62,45,37.62,43.5,44.62,42.12c3.01-0.59,7.12-1,9.38-0.88
M9.12,17.62C10.5,18.88,11,21,11,23.75s-0.88,44-0.88,47.25c0,9.75,4,14.62,13.75,14.62c6,0,16.38,0.12,21.38,0s9.5-0.62,13.5-1.5
M56.25,26.25c2.75,1.75,6,5.38,7.75,8.5
M62.62,21.38c3.06,1.57,6.68,4.82,8.62,7.62","M6.39,56.25c1.67,1.28,4.84,1.85,7.96,1.08c14.85-3.64,26.27-6.16,38.45-9.34c17.31-4.52,1.18,11.21-2.16,15.73
M22.49,35.5c1.3,1.1,2,2.1,2.5,4.1c0.5,2,9.4,41.62,9.9,43.72c0.5,2.1,1.7,7.2,2.4,9.8"
205,ビュ,"M13.5,44.5c1.75,1.38,4.51,2.19,6.88,1.88C30.62,45,37.62,43.5,44.62,42.12c3.01-0.59,7.12-1,9.38-0.88
M9.12,17.62C10.5,18.88,11,21,11,23.75s-0.88,44-0.88,47.25c0,9.75,4,14.62,13.75,14.62c6,0,16.38,0.12,21.38,0s9.5-0.62,13.5-1.5
M56.25,26.25c2.75,1.75,6,5.38,7.75,8.5
M62.62,21.38c3.06,1.57,6.68,4.82,8.62,7.62","M16.05,52.84c1.91,1.21,4.13,1.67,7.44,1.21c10.65-1.51,13.99-1.68,21.71-2.97c5.43-0.9,6.26,0.13,5.23,5.12c-1.91,9.25-3.92,19.45-5.23,27.49
M5.75,86.21c2.21,1.21,3.84,1.73,7.34,1.21c18.54-2.79,28.95-3.12,43.52-3.12c3.02,0,5.93,0.4,8.95,0.9"
206,ビョ,"M13.5,44.5c1.75,1.38,4.51,2.19,6.88,1.88C30.62,45,37.62,43.5,44.62,42.12c3.01-0.59,7.12-1,9.38-0.88
M9.12,17.62C10.5,18.88,11,21,11,23.75s-0.88,44-0.88,47.25c0,9.75,4,14.62,13.75,14.62c6,0,16.38,0.12,21.38,0s9.5-0.62,13.5-1.5
M56.25,26.25c2.75,1.75,6,5.38,7.75,8.5
M62.62,21.38c3.06,1.57,6.68,4.82,8.62,7.62","M10.5,50.62c1.9,1.21,4.09,1.6,7.39,1.21c11.19-1.32,21.35-2.46,29.07-3.44c4.79-0.61,5.49,0.4,5.2,5.16c-0.79,12.56-1.5,24.79-2.4,34.21
M10.6,69.04c1.9,1.21,4.09,1.6,7.39,1.21c8.39-0.99,18.23-1.85,24.86-2.47c2.21-0.2,4.21,0.04,6.21,0.44
M6,90.06c2.2,1.05,3.79,1.36,7.29,1.05c9.99-0.88,23.47-2.35,33.07-2.35c2.7,0,4.49,0,7.49,0.44"
207,ピャ,"M13.5,44.5c1.75,1.38,4.51,2.19,6.88,1.88C30.62,45,37.62,43.5,44.62,42.12c3.01-0.59,7.12-1,9.38-0.88
M9.12,17.62C10.5,18.88,11,21,11,23.75s-0.88,44-0.88,47.25c0,9.75,4,14.62,13.75,14.62c6,0,16.38,0.12,21.38,0s9.5-0.62,13.5-1.5
M61.12,32.88c-9.62,0-9.25-14.25,0-14.25C70.88,18.62,70.62,32.88,61.12,32.88","M6.39,56.25c1.67,1.28,4.84,1.85,7.96,1.08c14.85-3.64,26.27-6.16,38.45-9.34c17.31-4.52,1.18,11.21-2.16,15.73
M22.49,35.5c1.3,1.1,2,2.1,2.5,4.1c0.5,2,9.4,41.62,9.9,43.72c0.5,2.1,1.7,7.2,2.4,9.8"
208,ピュ,"M13.5,44.5c1.75,1.38,4.51,2.19,6.88,1.88C30.62,45,37.62,43.5,44.62,42.12c3.01-0.59,7.12-1,9.38-0.88
M9.12,17.62C10.5,18.88,11,21,11,23.75s-0.88,44-0.88,47.25c0,9.75,4,14.62,13.75,14.62c6,0,16.38,0.12,21.38,0s9.5-0.62,13.5-1.5
M61.12,32.88c-9.62,0-9.25-14.25,0-14.25C70.88,18.62,70.62,32.88,61.12,32.88","M16.05,52.84c1.91,1.21,4.13,1.67,7.44,1.21c10.65-1.51,13.99-1.68,21.71-2.97c5.43-0.9,6.26,0.13,5.23,5.12c-1.91,9.25-3.92,19.45-5.23,27.49
M5.75,86.21c2.21,1.21,3.84,1.73,7.34,1.21c18.54-2.79,28.95-3.12,43.52-3.12c3.02,0,5.93,0.4,8.95,0.9"
209,ピョ,"M13.5,44.5c1.75,1.38,4.51,2.19,6.88,1.88C30.62,45,37.62,43.5,44.62,42.12c3.01-0.59,7.12-1,9.38-0.88
M9.12,17.62C10.5,18.88,11,21,11,23.75s-0.88,44-0.88,47.25c0,9.75,4,14.62,13.75,14.62c6,0,16.38,0.12,21.38,0s9.5-0.62,13.5-1.5
M61.12,32.88c-9.62,0-9.25-14.25,0-14.25C70.88,18.62,70.62,32.88,61.12,32.88","M10.5,50.62c1.9,1.21,4.09,1.6,7.39,1.21c11.19-1.32,21.35-2.46,29.07-3.44c4.79-0.61,5.49,0.4,5.2,5.16c-0.79,12.56-1.5,24.79-2.4,34.21
M10.6,69.04c1.9,1.21,4.09,1.6,7.39,1.21c8.39-0.99,18.23-1.85,24.86-2.47c2.21-0.2,4.21,0.04,6.21,0.44
M6,90.06c2.2,1.05,3.79,1.36,7.29,1.05c9.99-0.88,23.47-2.35,33.07-2.35c2.7,0,4.49,0,7.49,0.44"
210,ウィ,"M37.75,14.62c1,1.12,1.25,3,1.25,4.62S39,30,39,31.88
M11,31.25c1,1.12,1.22,3,1.25,4.62c0.09,4.45,0.29,10.95,0.45,16.37c0.07,2.5,0.14,4.77,0.18,6.5
M13.62,35.88c19.38-2.25,40.25-4.25,49-5.5s8.28,0.84,6.25,6.88c-5,14.88-20.12,43.5-41,56.62","M45.25,32.78c0.1,1.39-0.27,3.07-1.28,4.37C35.99,47.39,25.25,60.7,8,71.23
M34.69,54.22c0.81,0.92,1.02,2.46,1.02,3.79c0,1.33,0,26.33,0,27.87c0,1.54-0.1,7.48-0.1,9.63"
211,ウェ,"M37.75,14.62c1,1.12,1.25,3,1.25,4.62S39,30,39,31.88
M11,31.25c1,1.12,1.22,3,1.25,4.62c0.09,4.45,0.29,10.95,0.45,16.37c0.07,2.5,0.14,4.77,0.18,6.5
M13.62,35.88c19.38-2.25,40.25-4.25,49-5.5s8.28,0.84,6.25,6.88c-5,14.88-20.12,43.5-41,56.62","M16.81,52.7c1.84,0.56,4.08,0.53,5.93,0.24c6.8-1.08,17.77-2.28,26.71-3.07c1.8-0.16,3.59-0.15,5.37,0.18
M33.84,54.65c0.79,0.9,1.04,2.4,0.99,3.7c-0.14,3.79-0.4,10.3-0.65,17.78c-0.06,1.85-0.12,3.25-0.18,5.19
M6.59,84.03c2.71,0.7,6.01,0.65,8.73,0.29c14.11-1.84,27.4-2.86,40.12-2.89c2.65-0.01,5.73,0.31,8.3,1.33"
212,シェ,"M19.62,19.75c5.14,1.57,9.79,6.01,11.5,8.62
M5.75,42.62C9,43.5,16,48.12,18,50.75
M12.75,85c3.75,0.88,7.12,0.49,10.38-1.38C41,73.38,55.5,59.75,69.25,40.75","M16.81,52.7c1.84,0.56,4.08,0.53,5.93,0.24c6.8-1.08,17.77-2.28,26.71-3.07c1.8-0.16,3.59-0.15,5.37,0.18
M33.84,54.65c0.79,0.9,1.04,2.4,0.99,3.7c-0.14,3.79-0.4,10.3-0.65,17.78c-0.06,1.85-0.12,3.25-0.18,5.19
M6.59,84.03c2.71,0.7,6.01,0.65,8.73,0.29c14.11-1.84,27.4-2.86,40.12-2.89c2.65-0.01,5.73,0.31,8.3,1.33"
213,ジェ,"M19.62,19.75c5.14,1.57,9.79,6.01,11.5,8.62
M5.75,42.62C9,43.5,16,48.12,18,50.75
M12.75,85c3.62,1.62,6.5,0.88,10.38-1.38C40.94,73.28,55.5,59.75,69.25,40.75
M58.25,18.98c2.85,1.78,6.21,5.47,8.03,8.65
M65,14.38c2.93,1.57,6.39,4.83,8.25,7.63","M16.81,52.7c1.84,0.56,4.08,0.53,5.93,0.24c6.8-1.08,17.77-2.28,26.71-3.07c1.8-0.16,3.59-0.15,5.37,0.18
M33.84,54.65c0.79,0.9,1.04,2.4,0.99,3.7c-0.14,3.79-0.4,10.3-0.65,17.78c-0.06,1.85-0.12,3.25-0.18,5.19
M6.59,84.03c2.71,0.7,6.01,0.65,8.73,0.29c14.11-1.84,27.4-2.86,40.12-2.89c2.65-0.01,5.73,0.31,8.3,1.33"
214,チェ,"M58.38,15.25c-0.38,2.62-2.01,4.37-3.88,5.38c-7.88,4.25-18.62,9.75-35.5,13.25
M7.12,51.5c2.88,0.88,4.39,1.65,7.88,1.25c22-2.5,36.38-4.25,56.12-4.88C76,47.72,79,48.38,82,49.38
M43.5,30.75c0.88,0.75,1.75,2.49,1.75,4.75c0,6.03,0.03,11.25,0.03,18.27c0,14.98-5.03,29.48-16.53,39.23","M16.81,52.7c1.84,0.56,4.08,0.53,5.93,0.24c6.8-1.08,17.77-2.28,26.71-3.07c1.8-0.16,3.59-0.15,5.37,0.18
M33.84,54.65c0.79,0.9,1.04,2.4,0.99,3.7c-0.14,3.79-0.4,10.3-0.65,17.78c-0.06,1.85-0.12,3.25-0.18,5.19
M6.59,84.03c2.71,0.7,6.01,0.65,8.73,0.29c14.11-1.84,27.4-2.86,40.12-2.89c2.65-0.01,5.73,0.31,8.3,1.33"
215,ファ,"M6,30c1.88,1.88,3.5,2.04,6.5,1.62c14.5-2,29-4.38,43.75-6.88c6.82-1.16,10.58,2.29,6.88,9.12C52.75,53,41.88,73.38,13.12,87.5","M5.78,42.54c1.91,1.22,3.16,1.13,6.74,0.59c9.03-1.37,29.93-5.05,38.25-6.06c4.14-0.5,6.33,2.36,2.08,5.47c-5.35,3.91-10.4,7.43-18.42,12.52
M29.33,54.18c0.62,1.17,0.8,2.53,0.45,4.13c-3.16,14.45-7.75,24.91-15.58,35.57"
216,フィ,"M6,30c1.88,1.88,3.5,2.04,6.5,1.62c14.5-2,29-4.38,43.75-6.88c6.82-1.16,10.58,2.29,6.88,9.12C52.75,53,41.88,73.38,13.12,87.5","M45.25,32.78c0.1,1.39-0.27,3.07-1.28,4.37C35.99,47.39,25.25,60.7,8,71.23
M34.69,54.22c0.81,0.92,1.02,2.46,1.02,3.79c0,1.33,0,26.33,0,27.87c0,1.54-0.1,7.48-0.1,9.63"
217,フェ,"M6,30c1.88,1.88,3.5,2.04,6.5,1.62c14.5-2,29-4.38,43.75-6.88c6.82-1.16,10.58,2.29,6.88,9.12C52.75,53,41.88,73.38,13.12,87.5","M16.81,52.7c1.84,0.56,4.08,0.53,5.93,0.24c6.8-1.08,17.77-2.28,26.71-3.07c1.8-0.16,3.59-0.15,5.37,0.18
M33.84,54.65c0.79,0.9,1.04,2.4,0.99,3.7c-0.14,3.79-0.4,10.3-0.65,17.78c-0.06,1.85-0.12,3.25-0.18,5.19
M6.59,84.03c2.71,0.7,6.01,0.65,8.73,0.29c14.11-1.84,27.4-2.86,40.12-2.89c2.65-0.01,5.73,0.31,8.3,1.33"
218,フォ,"M6,30c1.88,1.88,3.5,2.04,6.5,1.62c14.5-2,29-4.38,43.75-6.88c6.82-1.16,10.58,2.29,6.88,9.12C52.75,53,41.88,73.38,13.12,87.5","M5.36,50.69c3.11,1.49,6,1.3,8.75,0.86c14.32-2.3,27.34-3.76,40.17-4.53c2.65-0.16,5.05,0.14,8.31,1.15
M37.85,33.57c1.05,1.18,1.31,3.16,1.31,4.86c0,6.36-0.2,36.73-0.2,46.58c0,16.19-4.67,5.96-7.35,4.37
M37.77,49.45c0,1.29-1.31,2.87-2.88,4.77C28.63,61.77,18.1,72.3,7.38,80.44"
219,ティ,"M22.5,21.5c2.12,1.25,4.38,1.59,7.25,1.25c10.62-1.25,16.88-2.25,24.62-3.25C58.1,19.02,60,19,62.5,19.25
M6,44.12c2.88,1,5.26,1.05,7.5,0.75c22.38-3,37-5.62,54.13-6.12c5.62-0.16,7.75,0,10.38,0.62
M44,43.25c0.88,1,1.32,2.63,1.12,4.38C43.38,63,33.5,82.62,20.5,89.5","M45.25,32.78c0.1,1.39-0.27,3.07-1.28,4.37C35.99,47.39,25.25,60.7,8,71.23
M34.69,54.22c0.81,0.92,1.02,2.46,1.02,3.79c0,1.33,0,26.33,0,27.87c0,1.54-0.1,7.48-0.1,9.63"
220,ディ,"M22.5,21.5c2.12,1.25,4.38,1.59,7.25,1.25c10.62-1.25,16.88-2.25,24.62-3.25C58.1,19.02,60,19,62.5,19.25
M6,44.12c2.88,1,5.26,1.05,7.5,0.75c22.38-3,37-5.62,54.13-6.12c5.62-0.16,7.75,0,10.38,0.62
M44,43.25c0.88,1,1.32,2.63,1.12,4.38C43.38,63,33.5,82.62,20.5,89.5
M70.25,16.98c2.85,1.78,6.21,5.47,8.03,8.65
M77,12.38c2.93,1.57,6.39,4.83,8.25,7.63","M45.25,32.78c0.1,1.39-0.27,3.07-1.28,4.37C35.99,47.39,25.25,60.7,8,71.23
M34.69,54.22c0.81,0.92,1.02,2.46,1.02,3.79c0,1.33,0,26.33,0,27.87c0,1.54-0.1,7.48-0.1,9.63"
221,ヂュ,"M58.62,15.25c-0.38,2.62-2.26,4.37-4.12,5.38c-7.88,4.25-18.62,9.75-35.5,13.25
M7.12,51.5c2.88,0.88,4.39,1.65,7.88,1.25c22-2.5,36.38-4.25,56.12-4.88C76,47.72,79,48.38,82,49.38
M43.5,30.75c0.88,0.75,1.75,2.49,1.75,4.75c0,6.03,0.03,11.25,0.03,18.27c0,14.98-5.03,29.48-16.53,39.23
M68.5,25.73c2.85,1.78,6.21,5.47,8.03,8.65
M75.25,21.12c2.93,1.57,6.39,4.83,8.25,7.63","M16.05,52.84c1.91,1.21,4.13,1.67,7.44,1.21c10.65-1.51,13.99-1.68,21.71-2.97c5.43-0.9,6.26,0.13,5.23,5.12c-1.91,9.25-3.92,19.45-5.23,27.49
M5.75,86.21c2.21,1.21,3.84,1.73,7.34,1.21c18.54-2.79,28.95-3.12,43.52-3.12c3.02,0,5.93,0.4,8.95,0.9"
222,ッ,"M6.62,51.88c1.89,2.42,3.59,7.57,3.89,11.2
M25.86,45.73c2.69,2.83,5.28,7.67,5.58,12.01
M56.96,49.8c0.6,1.82,0.31,4.24-0.6,6.46C50.28,71.09,39.41,88.7,19.68,97.88"
223,ー,"M14.25,53c5.75-0.75,11.62-0.95,14.5-1c21.62-0.38,40.75-1.62,45.38-1.62s16.75-0.62,20.12-0.62"
